id,open_issues,has_stars_data,is_private,is_open_sauced_member,created_at,login,deleted_at,updated_at,is_onboarded,role,is_waitlisted
46999854,1,true,false,true,2022-08-27T10:15:38.801775+00:00,JaisPiyush,,2022-08-27T10:15:38.801775+00:00,false,10,false
102845355,1,true,false,true,2022-08-30T21:54:26.543914+00:00,AE-001-1001,,2022-08-30T21:54:26.543914+00:00,false,10,false
65830800,1,true,false,true,2022-09-16T15:48:05.167704+00:00,ikezuby2012,,2022-10-05T06:57:57.68241+00:00,true,10,false
82135020,4,true,false,true,2022-08-27T07:35:19.358978+00:00,roderick-zambrano,,2022-08-27T07:35:19.358978+00:00,false,10,false
61968168,1,true,false,true,2022-08-19T13:23:01.361167+00:00,tega-ag,,2022-08-19T13:23:01.361167+00:00,false,10,false
56833915,1,true,false,true,2022-08-26T17:04:34.870555+00:00,rf-santos,,2022-08-26T17:04:34.870555+00:00,false,10,false
1882635,3,true,false,true,2022-09-05T10:42:27.97235+00:00,tplive,,2022-09-05T10:42:27.97235+00:00,false,10,false
94398357,1,true,false,true,2022-10-31T16:43:41.206168+00:00,spostek2,,2022-10-31T16:43:41.206168+00:00,false,10,false
39437696,1,true,false,true,2022-09-20T21:53:10.373328+00:00,khaya-zulu,,2022-09-20T21:53:10.373328+00:00,false,10,false
77020164,1,true,false,true,2022-09-13T17:19:24.844655+00:00,yashikajotwani12,,2022-09-13T17:19:24.844655+00:00,false,10,false
92200281,1,true,false,true,2022-09-05T21:30:35.788058+00:00,30vinayak,,2022-09-05T21:30:35.788058+00:00,false,10,false
67343634,1,true,false,true,2022-08-24T13:46:11.808677+00:00,Tonathe3rd,,2022-08-24T13:46:11.808677+00:00,false,10,false
24443350,0,true,false,true,2022-09-19T10:39:02.54294+00:00,TobiasCunnen,,2022-09-19T10:39:02.54294+00:00,false,10,false
75211982,1,true,false,true,2022-09-14T12:08:30.633386+00:00,cdhiraj40,,2022-09-14T12:08:30.633386+00:00,false,10,false
97947250,4,true,false,true,2022-10-23T20:07:46.722079+00:00,John-Njau,,2022-10-23T20:07:46.722079+00:00,false,10,false
3341144,7,true,false,true,2022-10-09T23:14:14.214319+00:00,RozzaysRed,,2022-10-09T23:14:14.214319+00:00,false,10,false
23369123,4,true,false,true,2022-08-18T11:07:59.504967+00:00,Tailine,,2022-08-18T11:07:59.504967+00:00,false,10,false
59672242,3,true,false,true,2022-08-15T15:38:06.566419+00:00,ignatiusobiorah,,2022-08-15T15:38:06.566419+00:00,false,10,false
27247160,1,true,false,true,2022-08-13T15:56:35.266678+00:00,JacobMGEvans,,2022-08-13T15:56:35.266678+00:00,false,10,false
69505350,1,true,false,true,2022-08-13T06:24:54.684902+00:00,Oluwatemmy,,2022-08-13T06:24:54.684902+00:00,false,10,false
66667958,2,true,false,true,2022-08-11T11:50:30.141953+00:00,jhhornn,,2022-08-11T11:50:30.141953+00:00,false,10,false
59902352,1,true,false,true,2022-08-11T02:24:45.736073+00:00,Jamaalwbrown,,2022-08-11T02:24:45.736073+00:00,false,10,false
109696421,1,true,false,true,2022-08-31T14:59:54.861351+00:00,sappkevin,,2022-08-31T14:59:54.861351+00:00,false,10,false
111774303,1,true,true,true,2022-08-25T01:06:03.444109+00:00,mirelse,,2022-08-25T01:06:03.444109+00:00,false,10,false
72141037,1,true,false,true,2022-06-08T15:54:12.580106+00:00,prajapatiomkar,,2022-06-08T15:54:12.580106+00:00,false,10,false
23520609,1,true,false,true,2022-10-07T11:57:34.658625+00:00,RichJamo,,2022-10-07T11:57:34.658625+00:00,false,10,false
1083967,1,true,false,true,2022-08-26T14:26:59.84228+00:00,gmatheu,,2022-08-26T14:26:59.84228+00:00,false,10,false
105602006,1,true,false,true,2022-08-30T07:22:06.350989+00:00,The-General1,,2022-08-30T07:22:06.350989+00:00,false,10,false
83936667,1,true,false,true,2022-08-10T14:06:45.595432+00:00,SleemBee444,,2022-08-10T14:06:45.595432+00:00,false,10,false
66260270,0,true,false,true,2022-08-09T14:00:05.856352+00:00,Priscilla-B,,2022-08-09T14:00:05.856352+00:00,false,10,false
43068285,1,true,false,true,2022-09-01T21:42:10.354448+00:00,VladyslavLukyanenko,,2022-09-01T21:42:10.354448+00:00,false,10,false
12410942,17,true,false,true,2022-05-16T08:24:19.129543+00:00,choznerol,,2022-05-16T08:24:19.129543+00:00,false,10,false
7293310,6,true,false,true,2022-05-16T07:43:05.029603+00:00,saitho,,2022-05-16T07:43:05.029603+00:00,false,10,false
3941856,0,true,false,true,2022-05-16T06:45:04.3384+00:00,prophen,,2022-05-16T06:45:04.3384+00:00,false,10,false
105131148,0,true,false,true,2022-08-16T10:50:17.448562+00:00,Derinsola125,,2022-08-16T10:50:17.448562+00:00,false,10,false
915544,2,true,false,true,2022-09-08T20:43:26.27835+00:00,detiber,,2022-09-08T20:43:26.27835+00:00,false,10,false
97359730,1,true,false,true,2022-08-06T03:30:51.243012+00:00,jsmith2320,,2022-08-06T03:30:51.243012+00:00,false,10,false
38852717,1,true,false,true,2022-08-17T08:35:01.463361+00:00,SebastianWebster,,2022-08-17T08:35:01.463361+00:00,false,10,false
67545861,8,true,true,true,2022-08-26T11:52:21.010985+00:00,Benjamin-Philip,,2022-08-26T11:52:21.010985+00:00,false,10,false
49766292,1,true,false,true,2022-09-14T15:11:04.212764+00:00,wardprahanca,,2022-09-14T15:11:04.212764+00:00,false,10,false
22986859,2,true,false,true,2022-10-04T15:55:31.004944+00:00,filipw01,,2022-10-04T15:55:31.004944+00:00,false,10,false
36201799,1,true,false,true,2022-08-26T00:54:57.484901+00:00,SaadFarhanIdress,,2022-08-26T00:54:57.484901+00:00,false,10,false
49501306,2,true,false,true,2022-09-02T02:21:16.260867+00:00,jsred,,2022-09-02T02:21:16.260867+00:00,false,10,false
39947242,2,true,false,true,2022-09-02T08:34:38.522621+00:00,tanbar999,,2022-09-02T08:34:38.522621+00:00,false,10,false
6743796,1,true,false,true,2022-08-23T13:12:28.752558+00:00,cliffordfajardo,,2022-08-23T13:12:28.752558+00:00,false,10,false
1187060,1,true,false,true,2022-09-02T08:34:39.486515+00:00,liamg,,2022-09-02T08:34:39.486515+00:00,false,10,false
48237269,1,true,false,true,2022-09-02T14:07:32.30415+00:00,rhedwan,,2022-09-02T14:07:32.30415+00:00,false,10,false
341543,1,true,false,true,2022-09-02T17:21:28.566164+00:00,rlueder,,2022-09-02T17:21:28.566164+00:00,false,10,false
11594423,0,true,false,true,2022-10-17T07:05:10.014279+00:00,Tsvetkovv,,2022-10-17T07:05:10.014279+00:00,false,10,false
14785566,1,true,false,true,2022-08-28T20:22:29.311873+00:00,AlexandreKempf,,2022-08-28T20:22:29.311873+00:00,false,10,false
67268348,1,true,false,true,2022-09-03T14:21:55.942243+00:00,AtharvaBondre,,2022-09-03T14:21:55.942243+00:00,false,10,false
60168324,2,true,false,true,2022-08-07T23:02:53.148861+00:00,marisabrantley,,2022-08-07T23:02:53.148861+00:00,false,10,false
29407019,1,true,false,true,2022-09-07T08:44:27.781346+00:00,Asim-Tahir,,2022-09-07T08:44:27.781346+00:00,false,10,false
102149554,1,true,false,true,2022-09-18T21:46:23.168824+00:00,Davescryptnance,,2022-09-18T21:46:23.168824+00:00,false,10,false
881612,2,true,false,true,2022-09-23T06:54:06.626287+00:00,meeroslav,,2022-09-23T06:54:06.626287+00:00,false,10,false
20565993,2,true,false,true,2022-09-07T10:11:03.834399+00:00,arielbk,,2022-09-07T10:11:03.834399+00:00,false,10,false
4871394,2,true,false,true,2022-09-07T00:57:55.935461+00:00,adam-clason,,2022-09-07T00:57:55.935461+00:00,false,10,false
7148846,1,true,false,true,2022-09-26T08:37:18.383858+00:00,christophechevalier,,2022-09-26T08:37:18.383858+00:00,false,10,false
72922139,0,true,false,true,2022-08-19T23:37:39.423217+00:00,50-Course,,2022-08-19T23:37:39.423217+00:00,false,10,false
44123854,1,true,false,true,2022-09-01T23:07:40.807995+00:00,ktfth,,2022-09-01T23:07:40.807995+00:00,false,10,false
10474363,0,true,false,true,2022-09-04T06:16:54.043519+00:00,muhammadzadeh,,2022-09-04T06:16:54.043519+00:00,false,10,false
87351374,1,true,false,true,2022-08-22T02:35:09.391246+00:00,AchaRhaah,,2022-08-22T02:35:09.391246+00:00,false,10,false
78799602,1,true,false,true,2022-09-07T20:33:32.582116+00:00,jan-may,,2022-09-07T20:33:32.582116+00:00,false,10,false
56146728,2,true,false,true,2022-08-20T23:41:19.216984+00:00,Arndy345,,2022-08-20T23:41:19.216984+00:00,false,10,false
43332,5,true,false,true,2022-09-10T16:16:12.43107+00:00,davidalpert,,2022-09-10T16:16:12.43107+00:00,false,10,false
46948241,2,true,false,true,2022-09-15T07:35:58.756778+00:00,BuyMyMojo,,2022-09-15T07:35:58.756778+00:00,false,10,false
9348336,2,true,false,true,2022-08-29T11:42:14.399325+00:00,micalm,,2022-08-29T11:42:14.399325+00:00,false,10,false
53471824,1,true,false,true,2022-09-07T21:03:09.383477+00:00,shaiq-dev,,2022-09-07T21:03:09.383477+00:00,false,10,false
43523841,0,true,false,true,2022-10-08T00:31:49.472613+00:00,Shending-Help,,2022-10-08T00:31:49.472613+00:00,false,10,false
26963547,0,true,false,true,2022-05-16T00:32:56.016492+00:00,mklarsen,,2022-05-16T00:32:56.016492+00:00,false,10,false
55883854,4,true,false,true,2022-05-16T04:23:12.634687+00:00,nworiekingslee,,2022-05-16T04:23:12.634687+00:00,false,10,false
23220342,1,true,false,true,2022-09-05T23:32:27.068058+00:00,renzodamgo,,2022-09-05T23:32:27.068058+00:00,false,10,false
91070792,1,true,false,true,2022-08-16T16:19:26.487321+00:00,livlevi,,2022-08-16T16:19:26.487321+00:00,false,10,false
107480924,1,true,false,true,2022-08-08T12:18:28.093484+00:00,adavadkardhruv13,,2022-08-08T12:18:28.093484+00:00,false,10,false
347098,9,true,false,true,2022-08-06T05:36:10.590323+00:00,mrded,,2022-08-06T05:36:10.590323+00:00,false,10,false
9154918,2,true,false,true,2022-08-05T01:42:15.654971+00:00,aebibtech,,2022-08-05T01:42:15.654971+00:00,false,10,false
40303456,1,true,false,true,2022-09-05T11:49:31.187755+00:00,yunusozd,,2022-09-05T11:49:31.187755+00:00,false,10,false
237133,0,false,false,false,2022-11-11T23:42:28.365+00:00,0-vortex,,2022-11-11T14:59:18.632+00:00,false,10,false
24827,4,true,false,true,2022-08-24T18:36:36.372143+00:00,svetlyak40wt,,2022-08-24T18:36:36.372143+00:00,false,10,false
92822432,0,true,false,true,2022-08-15T23:37:14.826684+00:00,Teslimxcv,,2022-08-15T23:37:14.826684+00:00,false,10,false
3660190,2,true,false,true,2022-10-10T11:55:25.617448+00:00,atiladelcanton,,2022-10-10T11:55:25.617448+00:00,false,10,false
33139500,1,true,false,true,2022-08-28T20:43:32.525509+00:00,barcellos-pedro,,2022-08-28T20:43:32.525509+00:00,false,10,false
67546953,2,true,true,true,2022-08-25T13:50:34.631673+00:00,AaronDewes,,2022-08-25T13:50:34.631673+00:00,false,10,false
36867526,4,true,false,true,2022-09-07T01:39:52.329773+00:00,ericksarabia,,2022-09-07T01:39:52.329773+00:00,false,10,false
76271424,1,true,false,true,2022-09-15T19:35:35.655089+00:00,P0KiD0Ki,,2022-09-15T19:35:35.655089+00:00,false,10,false
3335181,2,true,false,true,2022-08-18T18:03:34.298633+00:00,JoshuaKGoldberg,,2022-08-18T18:03:34.298633+00:00,false,10,false
66690487,1,true,false,true,2022-09-09T03:12:59.022142+00:00,420-samm,,2022-09-09T03:12:59.022142+00:00,false,10,false
82259707,1,true,false,true,2022-09-04T07:50:38.512877+00:00,rid1dle,,2022-09-04T07:50:38.512877+00:00,false,10,false
17520284,0,true,false,true,2022-09-02T09:05:40.101184+00:00,KieronJenkins,,2022-09-02T09:05:40.101184+00:00,false,10,false
82728823,0,true,false,true,2022-09-02T03:21:48.673049+00:00,hasnainmakada-99,,2022-09-02T03:21:48.673049+00:00,false,10,false
930247,1,true,false,true,2022-10-04T18:31:17.239663+00:00,mcalhoun,,2022-10-04T18:31:17.239663+00:00,false,10,false
47777599,5,true,false,true,2022-08-26T17:16:55.665097+00:00,Dexters-Hub,,2022-08-26T17:16:55.665097+00:00,false,10,false
3474229,2,true,false,true,2022-10-24T20:07:55.437006+00:00,lauhin,,2022-10-24T20:07:55.437006+00:00,false,10,false
75436804,1,true,false,true,2022-08-31T20:44:35.910534+00:00,Davidezangrando,,2022-08-31T20:44:35.910534+00:00,false,10,false
58608538,2,true,false,true,2022-09-07T10:36:19.883802+00:00,fraserws,,2022-09-07T10:36:19.883802+00:00,false,10,false
5676055,1,true,false,true,2022-08-30T08:37:57.903724+00:00,txemaleon,,2022-08-30T08:37:57.903724+00:00,false,10,false
100199494,1,true,false,true,2022-08-17T08:46:28.417656+00:00,Raphael3423,,2022-08-17T08:46:28.417656+00:00,false,10,false
5009534,2,true,false,true,2022-08-29T18:07:13.40662+00:00,duyet,,2022-08-29T18:07:13.40662+00:00,false,10,false
109310264,1,true,false,true,2022-08-23T16:24:14.524846+00:00,rotbaj,,2022-08-23T16:24:14.524846+00:00,false,10,false
83243717,0,true,false,true,2022-08-13T20:35:52.495621+00:00,Birdie13-stack,,2022-08-13T20:35:52.495621+00:00,false,10,false
5508707,2,true,false,true,2022-10-26T16:30:57.278048+00:00,patinthehat,,2022-10-26T16:30:57.278048+00:00,false,10,false
111018543,2,true,false,true,2022-08-12T18:29:59.463399+00:00,M16H7Y-QU1NN,,2022-08-12T18:29:59.463399+00:00,false,10,false
385879,0,true,false,true,2022-09-01T21:50:03.358932+00:00,JimBobSquarePants,,2022-09-01T21:50:03.358932+00:00,false,10,false
105237433,0,true,false,true,2022-08-28T02:30:27.51532+00:00,Omo-Gbadamson,,2022-08-28T02:30:27.51532+00:00,false,10,false
108594159,0,true,false,true,2022-08-11T17:28:15.64251+00:00,mynameissaraah,,2022-08-11T17:28:15.64251+00:00,false,10,false
1930729,1,true,false,true,2022-05-16T08:39:08.630488+00:00,nersoh,,2022-05-16T08:39:08.630488+00:00,false,10,false
74235313,1,true,false,true,2022-08-10T21:57:26.221625+00:00,Boye95,,2022-08-10T21:57:26.221625+00:00,false,10,false
26147156,1,true,false,true,2022-08-11T03:34:15.510943+00:00,AdekolaToniloba,,2022-08-11T03:34:15.510943+00:00,false,10,false
47885393,0,true,false,true,2022-09-19T16:14:51.787921+00:00,shesha4572,,2022-09-19T16:14:51.787921+00:00,false,10,false
44118965,1,true,false,true,2022-09-16T16:38:50.478742+00:00,BarbarianTarkus,,2022-09-16T16:38:50.478742+00:00,false,10,false
71881414,1,true,false,true,2022-08-09T18:30:47.456769+00:00,TemitopeAgbaje,,2022-08-09T18:30:47.456769+00:00,false,10,false
44289179,4,true,false,true,2022-09-26T09:02:30.242462+00:00,EngMustafaSabah,,2022-09-26T09:02:30.242462+00:00,false,10,false
335406,0,false,false,false,2022-09-30T14:05:08.806427+00:00,vidbina,,2022-09-30T14:05:08.806427+00:00,false,10,false
80616199,1,true,false,true,2022-08-26T15:00:51.47829+00:00,kishore-rajkumar,,2022-08-26T15:00:51.47829+00:00,false,10,false
1112,1,true,false,true,2022-10-18T18:50:57.500619+00:00,willnorris,,2022-10-18T18:50:57.500619+00:00,false,10,false
16273537,3,true,false,true,2022-11-02T14:42:26.55486+00:00,troycurtisjr,,2022-11-02T14:42:26.55486+00:00,false,10,false
16365952,5,true,false,true,2022-09-12T10:18:08.324697+00:00,r17x,,2022-09-12T10:18:08.324697+00:00,false,10,false
1297475,12,true,false,true,2022-09-23T07:58:03.158001+00:00,Huluvu424242,,2022-10-04T22:00:08.201212+00:00,true,10,true
89579421,1,true,false,true,2022-09-15T03:18:21.115237+00:00,fahad-islam,,2022-09-15T03:18:21.115237+00:00,false,10,false
81213875,0,true,false,true,2022-09-01T23:20:30.552897+00:00,icube1,,2022-09-01T23:20:30.552897+00:00,false,10,false
5894347,3,true,false,true,2022-09-03T06:24:17.49958+00:00,denielaa,,2022-09-03T06:24:17.49958+00:00,false,10,false
49417481,6,true,false,true,2022-09-03T14:31:50.803833+00:00,slf188,,2022-09-03T14:31:50.803833+00:00,false,10,false
55796944,1,true,true,true,2022-09-13T19:48:53.038786+00:00,avinashkranjan,,2022-09-13T19:48:53.038786+00:00,false,10,false
5660355,4,true,false,true,2022-08-19T15:32:52.154405+00:00,rpurser47,,2022-08-19T15:32:52.154405+00:00,false,10,false
17254592,2,true,false,true,2022-09-23T07:58:01.601364+00:00,Phillip9587,,2022-09-23T07:58:01.601364+00:00,false,10,false
97145056,5,true,false,true,2022-09-02T03:21:49.952247+00:00,mann-codes2014,,2022-09-02T03:21:49.952247+00:00,false,10,false
79768764,0,true,true,true,2022-09-01T21:50:02.102337+00:00,villalb4,,2022-09-01T21:50:02.102337+00:00,false,10,false
10209901,1,true,false,true,2022-08-25T19:21:51.750224+00:00,iPagar,,2022-08-25T19:21:51.750224+00:00,false,10,false
43725109,3,true,false,true,2022-08-20T17:37:25.160097+00:00,techemmy,,2022-09-29T22:58:24.518311+00:00,true,10,false
92874719,0,true,false,true,2022-09-11T00:56:34.768129+00:00,kevinochoa8266,,2022-09-11T00:56:34.768129+00:00,false,10,false
66184371,1,true,false,true,2022-09-21T04:34:29.776081+00:00,nikhild64,,2022-09-21T04:34:29.776081+00:00,false,10,false
71087863,0,true,false,true,2022-08-30T15:57:45.425044+00:00,theetherGit,,2022-08-30T15:57:45.425044+00:00,false,10,false
12088143,3,true,false,true,2022-08-28T06:59:49.39131+00:00,manan30,,2022-08-28T06:59:49.39131+00:00,false,10,false
23151,0,true,false,true,2022-10-08T06:46:09.878475+00:00,mfenner,,2022-10-08T06:46:09.878475+00:00,false,10,false
22895284,8,true,false,true,2022-09-20T08:46:54.649412+00:00,BogDAAAMN,,2022-09-20T08:46:54.649412+00:00,false,10,false
9283692,0,true,true,true,2022-05-16T05:23:33.036711+00:00,mpmccauley,,2022-05-16T05:23:33.036711+00:00,false,10,false
75380946,1,true,false,true,2022-09-09T15:08:16.541847+00:00,rmdp-trouva,,2022-09-09T15:08:16.541847+00:00,false,10,false
77175483,2,true,false,true,2022-08-30T09:32:04.408588+00:00,sokratisvas,,2022-08-30T09:32:04.408588+00:00,false,10,false
39962391,1,true,false,true,2022-08-10T18:57:44.579306+00:00,amansingh1999,,2022-08-10T18:57:44.579306+00:00,false,10,false
72260960,1,true,false,true,2022-09-08T06:37:30.50465+00:00,sanyam810,,2022-09-08T06:37:30.50465+00:00,false,10,false
577424,1,true,false,true,2022-05-16T03:09:39.3077+00:00,matthewdeanmartin,,2022-05-16T03:09:39.3077+00:00,false,10,false
104672273,0,true,false,true,2022-08-16T21:42:30.893587+00:00,Jazzy-Julius,,2022-08-16T21:42:30.893587+00:00,false,10,false
234708,0,true,false,true,2022-09-30T19:31:44.744021+00:00,spences10,,2022-09-30T19:31:44.744021+00:00,false,10,false
80591403,1,true,false,true,2022-06-19T08:56:59.247465+00:00,TheyCallMeCheng,,2022-06-19T08:56:59.247465+00:00,false,10,false
78874691,3,true,false,true,2022-09-02T04:12:33.638024+00:00,victor-teles,,2022-09-02T04:12:33.638024+00:00,false,10,false
93688482,0,true,false,true,2022-08-18T00:17:32.226045+00:00,eseosa22,,2022-08-18T00:17:32.226045+00:00,false,10,false
60032953,8,true,false,true,2022-08-26T17:30:29.908904+00:00,aromalsanthosh,,2022-08-26T17:30:29.908904+00:00,false,10,false
21232366,3,true,false,true,2022-08-31T23:35:14.102317+00:00,JacobAnavisca,,2022-08-31T23:35:14.102317+00:00,false,10,false
26002496,1,true,false,true,2022-08-26T17:30:26.428317+00:00,JohannesPtaszyk,,2022-08-26T17:30:26.428317+00:00,false,10,false
57603839,1,true,false,true,2022-08-14T12:32:37.328852+00:00,AdamsGeeky,,2022-08-14T12:32:37.328852+00:00,false,10,false
72113368,1,true,false,true,2022-08-14T12:32:38.163799+00:00,Obafemi-NG,,2022-08-14T12:32:38.163799+00:00,false,10,false
99280209,0,true,false,true,2022-08-12T11:28:47.890791+00:00,Stargnite,,2022-08-12T11:28:47.890791+00:00,false,10,false
861044,1,true,false,true,2022-10-04T20:08:17.010251+00:00,browniebroke,,2022-10-04T20:08:17.010251+00:00,false,10,false
1881520,2,true,false,true,2022-09-12T10:54:43.259042+00:00,josesimoes,,2022-09-12T10:54:43.259042+00:00,false,10,false
21284100,1,true,false,true,2022-09-02T19:46:12.772464+00:00,Stuyk,,2022-09-02T19:46:12.772464+00:00,false,10,false
63415584,0,true,false,true,2022-08-30T06:22:28.566475+00:00,HarshPanchal18,,2022-08-30T06:22:28.566475+00:00,false,10,false
45557700,2,true,false,true,2022-09-07T15:13:49.6989+00:00,fkoch-tgm,,2022-09-07T15:13:49.6989+00:00,false,10,false
30659198,1,true,false,true,2022-08-10T03:31:09.940607+00:00,ddsuhaimi,,2022-08-10T03:31:09.940607+00:00,false,10,false
77954949,3,true,false,true,2022-08-08T13:22:57.299371+00:00,stephenbalogun,,2022-08-08T13:22:57.299371+00:00,false,10,false
4192400,1,true,false,true,2022-09-01T21:58:02.214919+00:00,mp3chaos,,2022-09-01T21:58:02.214919+00:00,false,10,false
23080613,1,true,false,true,2022-08-26T15:12:08.516076+00:00,simusr2,,2022-08-26T15:12:08.516076+00:00,false,10,false
1847904,7,true,false,true,2022-11-13T01:13:09.806296+00:00,kavalerov,,2022-11-13T01:13:09.806296+00:00,false,10,false
10201242,0,true,false,true,2022-08-26T09:53:01.369091+00:00,sugatoray,,2022-08-26T09:53:01.369091+00:00,false,10,false
46890315,1,true,true,true,2022-08-25T14:34:03.902368+00:00,XDXD-XDXD,,2022-08-25T14:34:03.902368+00:00,false,10,false
93167066,0,true,false,true,2022-09-03T06:49:41.391963+00:00,ItsJustLukas78,,2022-09-03T06:49:41.391963+00:00,false,10,false
113472781,1,true,false,true,2022-09-13T20:32:31.542554+00:00,ddiamondcarter,,2022-09-13T20:32:31.542554+00:00,false,10,false
75518128,1,true,false,true,2022-09-07T11:04:45.067258+00:00,helene-nguyen,,2022-09-07T11:04:45.067258+00:00,false,10,false
65026704,0,true,false,true,2022-09-21T12:43:45.070103+00:00,ibrahimakintundek,,2022-09-21T12:43:45.070103+00:00,false,10,false
8271635,0,true,false,true,2022-08-16T03:25:14.929611+00:00,aboutthatjazz,,2022-08-16T03:25:14.929611+00:00,false,10,false
63897038,1,true,false,true,2022-09-05T11:57:25.702994+00:00,shivamupadhyay008,,2022-09-05T11:57:25.702994+00:00,false,10,false
34168611,1,true,true,true,2022-09-04T09:04:05.582326+00:00,vitor-belim,,2022-09-04T09:04:05.582326+00:00,false,10,false
9024682,1,true,false,true,2022-09-27T03:38:55.325524+00:00,TWL007,,2022-09-27T03:38:55.325524+00:00,false,10,false
3465489,1,true,false,true,2022-11-02T18:41:36.870665+00:00,tattwamasi,,2022-11-02T18:41:36.870665+00:00,false,10,false
104235709,0,true,false,true,2022-10-18T22:10:34.891034+00:00,EthenThinkful,,2022-10-18T22:10:34.891034+00:00,false,10,false
62678026,3,true,false,true,2022-08-28T22:49:57.310308+00:00,AminFazlMondo,,2022-08-28T22:49:57.310308+00:00,false,10,false
86518235,1,true,false,true,2022-08-19T00:53:48.842747+00:00,cutlets14,,2022-08-19T00:53:48.842747+00:00,false,10,false
55863239,1,true,false,true,2022-09-11T09:00:52.74147+00:00,mankarsandesh,,2022-09-11T09:00:52.74147+00:00,false,10,false
35978975,4,true,false,true,2022-09-17T20:39:50.760431+00:00,michaelfromyeg,,2022-09-17T20:39:50.760431+00:00,false,10,false
29790797,1,true,false,true,2022-09-23T17:06:15.685724+00:00,jameshskoh,,2022-09-23T17:06:15.685724+00:00,false,10,false
55999418,2,true,false,true,2022-10-24T20:59:00.226166+00:00,AhmedAlamoudi192,,2022-10-24T20:59:00.226166+00:00,false,10,false
10088485,1,true,false,true,2022-09-03T16:52:50.792892+00:00,mamba-dev-KE,,2022-09-03T16:52:50.792892+00:00,false,10,false
71235127,1,true,false,true,2022-09-06T09:24:27.062767+00:00,SoloOrchid,,2022-09-06T09:24:27.062767+00:00,false,10,false
6156286,4,true,false,true,2022-08-28T22:42:16.493128+00:00,nicofloch,,2022-08-28T22:42:16.493128+00:00,false,10,false
108207836,0,true,false,true,2022-08-26T23:04:57.689282+00:00,Ciia86,,2022-08-26T23:04:57.689282+00:00,false,10,false
4973720,6,true,false,true,2022-09-02T09:17:28.927617+00:00,ismailcherri,,2022-09-02T09:17:28.927617+00:00,false,10,false
50674490,1,true,false,true,2022-09-15T07:01:35.569163+00:00,Inerska,,2022-09-15T07:01:35.569163+00:00,false,10,false
109640072,1,true,false,true,2022-09-07T02:37:48.061579+00:00,jonathanashagre,,2022-09-07T02:37:48.061579+00:00,false,10,false
30799382,1,true,false,true,2022-08-28T22:08:48.419553+00:00,fiqrisr,,2022-08-28T22:08:48.419553+00:00,false,10,false
60545561,0,true,false,true,2022-10-26T20:51:27.614629+00:00,horlali,,2022-10-26T20:51:27.614629+00:00,false,10,false
21148272,1,true,false,true,2022-10-10T21:28:11.615395+00:00,akinason,,2022-10-10T21:28:11.615395+00:00,false,10,false
2599251,7,true,false,true,2022-10-12T02:02:28.052261+00:00,delisma,,2022-10-12T02:02:28.052261+00:00,false,10,false
86601758,0,true,false,true,2022-09-07T13:41:50.578689+00:00,PrabhuKiran8790,,2022-09-07T13:41:50.578689+00:00,false,10,false
12566381,3,true,false,true,2022-08-06T17:36:20.334631+00:00,BenWLeon,,2022-08-06T17:36:20.334631+00:00,false,10,false
42211,6,true,false,true,2022-05-16T10:36:15.933635+00:00,brandonroberts,,2022-11-04T15:40:18.113144+00:00,true,50,false
11030551,0,true,false,true,2022-05-16T05:09:43.427882+00:00,DavidMerenyi,,2022-05-16T05:09:43.427882+00:00,false,10,false
117527195,1,true,false,true,2022-11-10T01:29:59.957915+00:00,eeeeerick,,2022-11-10T01:29:59.957915+00:00,false,10,false
46979928,2,true,false,true,2022-08-25T18:29:20.842556+00:00,natitech,,2022-08-25T18:29:20.842556+00:00,false,10,false
60453988,1,true,false,true,2022-06-09T20:46:51.149394+00:00,adrireid,,2022-06-09T20:46:51.149394+00:00,false,10,false
52013393,3,true,false,true,2022-10-06T21:50:01.735822+00:00,Deadreyo,,2022-10-06T21:50:01.735822+00:00,false,10,false
30470476,1,true,false,true,2022-09-01T23:49:35.614925+00:00,chrcit,,2022-09-01T23:49:35.614925+00:00,false,10,false
45422350,1,true,false,true,2022-09-15T07:19:16.920199+00:00,charlieaboumoussa,,2022-09-15T07:19:16.920199+00:00,false,10,false
26028372,1,true,false,true,2022-09-06T09:35:51.299225+00:00,julianchong00,,2022-09-06T09:35:51.299225+00:00,false,10,false
91308890,1,true,false,true,2022-08-26T15:25:48.606097+00:00,berserkin1337,,2022-08-26T15:25:48.606097+00:00,false,10,false
13303617,1,true,false,true,2022-10-19T21:58:06.518219+00:00,PEvansik,,2022-10-19T21:58:06.518219+00:00,false,10,false
28387128,1,true,false,true,2022-08-26T10:55:44.441856+00:00,watevadafa,,2022-08-26T10:55:44.441856+00:00,false,10,false
20974756,2,true,false,true,2022-09-07T05:52:46.545125+00:00,daanschenkel,,2022-09-07T05:52:46.545125+00:00,false,10,false
74953321,1,true,false,true,2022-09-08T10:15:34.808834+00:00,yilmazhuseyin,,2022-09-08T10:15:34.808834+00:00,false,10,false
32938743,1,true,false,true,2022-09-01T23:49:33.652599+00:00,falcon-head,,2022-09-01T23:49:33.652599+00:00,false,10,false
40276296,0,true,false,true,2022-09-22T06:46:03.512278+00:00,ak090498,,2022-09-22T06:46:03.512278+00:00,false,10,false
61163903,1,true,false,true,2022-09-01T07:37:06.947319+00:00,Kathalysth,,2022-09-01T07:37:06.947319+00:00,false,10,false
49480381,1,true,false,true,2022-08-10T03:46:54.188864+00:00,dpkreativ,,2022-08-10T03:46:54.188864+00:00,false,10,false
77676155,1,true,false,true,2022-08-31T02:46:19.640895+00:00,roqeebYusuff,,2022-08-31T02:46:19.640895+00:00,false,10,false
67121288,0,true,false,true,2022-09-17T21:19:39.705989+00:00,batangaTroy,,2022-09-17T21:19:39.705989+00:00,false,10,false
1330523,1,true,false,true,2022-10-01T16:39:12.225892+00:00,mkazin,,2022-10-01T16:39:12.225892+00:00,false,10,false
114656702,1,true,false,true,2022-10-29T13:42:15.35664+00:00,cidaaykbd,,2022-10-29T13:42:15.35664+00:00,false,10,false
54052461,3,true,false,true,2022-09-20T11:20:36.663024+00:00,IamGideonIdoko,,2022-10-09T13:05:57.077998+00:00,true,10,false
110683,1,true,false,true,2022-08-25T19:21:50.617113+00:00,filmgirl,,2022-08-25T19:21:50.617113+00:00,false,10,false
10757509,3,true,false,true,2022-08-30T12:29:24.446468+00:00,TommasoBianchi,,2022-08-30T12:29:24.446468+00:00,false,10,false
1549136,1,true,false,true,2022-09-14T08:52:02.898984+00:00,serhioli,,2022-09-14T08:52:02.898984+00:00,false,10,false
22289608,1,true,false,true,2022-09-05T12:09:40.485309+00:00,mvashishth,,2022-09-05T12:09:40.485309+00:00,false,10,false
28709850,0,false,false,false,2022-09-01T22:24:35.977102+00:00,ABeck617,,2022-09-01T22:24:35.977102+00:00,false,10,false
49458917,0,false,false,false,2022-09-01T22:24:36.044688+00:00,AlexVCS,,2022-09-01T22:24:36.044688+00:00,false,10,false
16832258,0,false,false,false,2022-09-01T22:24:36.051985+00:00,nulfrost,,2022-09-01T22:24:36.051985+00:00,false,10,false
48183855,0,false,false,false,2022-09-01T22:24:36.059963+00:00,shapaaa,,2022-09-01T22:24:36.059963+00:00,false,10,false
32095327,0,true,false,true,2022-08-18T06:46:16.279052+00:00,NjengaFelix,,2022-08-18T06:46:16.279052+00:00,false,10,false
59867217,0,true,false,true,2022-09-12T05:00:51.674814+00:00,JealousGx,,2022-09-12T05:00:51.674814+00:00,false,10,false
71969236,2,true,false,true,2022-09-04T14:15:53.668892+00:00,xrexy,,2022-09-04T14:15:53.668892+00:00,false,10,false
43477095,0,true,false,true,2022-08-14T13:20:42.441254+00:00,Ceres6,,2022-08-14T13:20:42.441254+00:00,false,10,false
94331754,1,true,false,true,2022-08-12T11:36:52.992863+00:00,Christiano112,,2022-08-12T11:36:52.992863+00:00,false,10,false
28895038,1,true,false,true,2022-08-27T11:35:43.1916+00:00,EliasenJason,,2022-08-27T11:35:43.1916+00:00,false,10,false
62188066,8,true,false,true,2022-09-02T04:55:36.52589+00:00,Tuzi555,,2022-09-02T04:55:36.52589+00:00,false,10,false
75252387,1,true,false,true,2022-08-10T20:00:15.037227+00:00,Ze-Austin,,2022-08-10T20:00:15.037227+00:00,false,10,false
37508038,1,true,false,true,2022-09-03T17:03:40.9565+00:00,Bikram-ghuku,,2022-09-03T17:03:40.9565+00:00,false,10,false
53506936,0,true,false,true,2022-08-08T13:58:39.735699+00:00,Jideotetic,,2022-08-08T13:58:39.735699+00:00,false,10,false
10765201,4,true,true,true,2022-09-03T06:57:58.223327+00:00,jp2masa,,2022-09-03T06:57:58.223327+00:00,false,10,false
81192726,1,true,false,true,2022-08-16T22:43:40.432736+00:00,debisho,,2022-08-16T22:43:40.432736+00:00,false,10,false
48692622,1,true,false,true,2022-09-02T20:02:27.856854+00:00,Ravnit202,,2022-09-02T20:02:27.856854+00:00,false,10,false
22624429,1,true,false,true,2022-08-19T03:24:06.599359+00:00,SpencerGee,,2022-08-19T03:24:06.599359+00:00,false,10,false
54031531,0,true,false,true,2022-08-19T03:24:07.499741+00:00,erinmikailstaples,,2022-08-19T03:24:07.499741+00:00,false,10,false
85789377,0,true,false,true,2022-09-02T13:57:40.809109+00:00,MugiD,,2022-09-02T13:57:40.809109+00:00,false,10,false
48896572,2,true,false,true,2022-09-02T04:55:35.623225+00:00,minsk-dev,,2022-09-02T04:55:35.623225+00:00,false,10,false
76777822,1,true,false,true,2022-09-28T16:46:55.673576+00:00,jianan1104,,2022-09-28T16:46:55.673576+00:00,false,10,false
29448654,0,true,false,true,2022-08-28T10:24:36.704207+00:00,Wizyma,,2022-08-28T10:24:36.704207+00:00,false,10,false
858793,1,true,false,true,2022-10-25T14:32:08.485427+00:00,ImanolGo,,2022-10-25T14:32:08.485427+00:00,false,10,false
360261,0,true,false,true,2022-09-09T17:07:33.161864+00:00,danieltott,,2022-09-09T17:07:33.161864+00:00,false,10,false
19432983,1,true,false,true,2022-08-28T09:12:42.574779+00:00,Arif-un,,2022-08-28T09:12:42.574779+00:00,false,10,false
83292987,1,true,false,true,2022-08-28T09:12:43.649744+00:00,saifltr,,2022-08-28T09:12:43.649744+00:00,false,10,false
104472541,4,true,false,true,2022-09-25T04:14:08.249008+00:00,thekamalkashyap,,2022-09-25T04:14:08.249008+00:00,false,10,false
59947649,1,true,false,true,2022-09-12T15:26:13.632015+00:00,AayushBajaj2000,,2022-09-12T15:26:13.632015+00:00,false,10,false
5299412,3,true,false,true,2022-10-08T19:19:45.983579+00:00,peckjon,,2022-10-08T19:19:45.983579+00:00,false,10,false
101365565,0,true,false,true,2022-05-16T05:09:44.147237+00:00,1ynmuldrow,,2022-05-16T05:09:44.147237+00:00,false,10,false
71458737,0,true,false,true,2022-05-16T08:50:31.112851+00:00,sans-eng,,2022-05-16T08:50:31.112851+00:00,false,10,false
37085146,0,true,false,true,2022-05-16T00:33:12.078101+00:00,NinjaAung,,2022-05-16T00:33:12.078101+00:00,false,10,false
74566464,0,true,true,true,2022-05-16T06:01:42.00441+00:00,Pandademic,,2022-05-16T06:01:42.00441+00:00,false,10,false
6998954,0,false,false,false,2022-09-01T22:24:35.981478+00:00,M0nica,,2022-09-01T22:24:35.981478+00:00,false,10,false
26007940,0,true,false,true,2022-05-16T08:24:17.552522+00:00,mikerobards,,2022-05-16T08:24:17.552522+00:00,false,10,false
50591491,1,true,false,true,2022-05-16T07:22:17.666944+00:00,cryptus-neoxys,,2022-05-16T07:22:17.666944+00:00,false,10,false
11858762,12,true,false,true,2022-05-16T08:58:33.971765+00:00,git-srinivas,,2022-05-16T08:58:33.971765+00:00,false,10,false
79887,0,true,false,true,2022-05-16T08:50:33.07547+00:00,cybernetics,,2022-05-16T08:50:33.07547+00:00,false,10,false
57008950,0,true,false,true,2022-05-16T07:43:05.936348+00:00,prasadbobby,,2022-05-16T07:43:05.936348+00:00,false,10,false
91016903,0,true,false,true,2022-05-16T09:08:45.044031+00:00,nayabatir1,,2022-05-16T09:08:45.044031+00:00,false,10,false
4066445,13,true,false,true,2022-05-16T07:33:56.739509+00:00,johnyu0424,,2022-05-16T07:33:56.739509+00:00,false,10,false
10951893,2,true,false,true,2022-05-16T07:22:13.871769+00:00,jramirez857,,2022-05-16T07:22:13.871769+00:00,false,10,false
7860023,2,true,false,true,2022-05-16T07:09:17.090279+00:00,anis00723,,2022-05-16T07:09:17.090279+00:00,false,10,false
23166349,4,true,false,true,2022-05-16T07:09:19.001698+00:00,ChamMach,,2022-05-16T07:09:19.001698+00:00,false,10,false
5381468,5,true,false,true,2022-05-16T06:13:17.410571+00:00,tmarwen,,2022-05-16T06:13:17.410571+00:00,false,10,false
16268467,0,true,true,true,2022-05-16T06:58:38.950973+00:00,Wisheechia,,2022-05-16T06:58:38.950973+00:00,false,10,false
20727421,0,true,false,true,2022-05-16T08:39:11.42517+00:00,ryan3738,,2022-05-16T08:39:11.42517+00:00,false,10,false
46695719,0,true,false,true,2022-05-16T09:08:48.108542+00:00,Mich45,,2022-05-16T09:08:48.108542+00:00,false,10,false
656318,1,true,false,true,2022-05-16T06:45:06.488004+00:00,ramonh,,2022-05-16T06:45:06.488004+00:00,false,10,false
27487712,8,true,false,true,2022-05-16T09:47:28.261192+00:00,mudaliaraditya,,2022-05-16T09:47:28.261192+00:00,false,10,false
52573981,0,true,false,true,2022-05-16T02:43:22.805132+00:00,mrsantons,,2022-05-16T02:43:22.805132+00:00,false,10,false
8200073,13,true,false,true,2022-05-16T06:01:40.026067+00:00,salindae25,,2022-05-16T06:01:40.026067+00:00,false,10,false
83277146,1,true,false,true,2022-05-16T06:01:43.402219+00:00,ashwth,,2022-05-16T06:01:43.402219+00:00,false,10,false
60147716,0,true,false,true,2022-05-16T05:45:17.221889+00:00,sorbx64,,2022-05-16T05:45:17.221889+00:00,false,10,false
2607477,0,true,false,true,2022-05-16T07:59:17.434159+00:00,cmdaltent,,2022-05-16T07:59:17.434159+00:00,false,10,false
11067335,0,true,false,true,2022-05-16T07:43:06.849984+00:00,TerrelRJones,,2022-05-16T07:43:06.849984+00:00,false,10,false
17364711,0,true,false,true,2022-05-16T00:32:54.612284+00:00,FunIsDangerous,,2022-05-16T00:32:54.612284+00:00,false,10,false
12849040,0,true,false,true,2022-05-16T08:39:10.077741+00:00,twjasa,,2022-05-16T08:39:10.077741+00:00,false,10,false
88631894,0,true,false,true,2022-05-16T07:51:12.867822+00:00,Aarondevp,,2022-05-16T07:51:12.867822+00:00,false,10,false
43640229,1,true,false,true,2022-05-16T07:59:14.437352+00:00,dharshatharan,,2022-05-16T07:59:14.437352+00:00,false,10,false
505751,4,true,false,true,2022-05-16T08:14:33.64511+00:00,KengoTODA,,2022-05-16T08:14:33.64511+00:00,false,10,false
74208843,0,true,false,true,2022-05-16T08:14:34.901207+00:00,juanramollino,,2022-05-16T08:14:34.901207+00:00,false,10,false
24553355,2,true,false,true,2022-05-16T07:22:15.519571+00:00,vtcaregorodtcev,,2022-05-16T07:22:15.519571+00:00,false,10,false
6499373,0,true,false,true,2022-05-16T06:13:19.1782+00:00,yasir2000,,2022-05-16T06:13:19.1782+00:00,false,10,false
2480219,0,true,false,true,2022-05-16T07:33:54.421184+00:00,eriber,,2022-05-16T07:33:54.421184+00:00,false,10,false
469997,3,true,false,true,2022-05-16T06:45:05.7058+00:00,sobingt,,2022-05-16T06:45:05.7058+00:00,false,10,false
42341383,0,true,false,true,2022-05-16T03:09:40.177449+00:00,tiamatu,,2022-05-16T03:09:40.177449+00:00,false,10,false
1645545,4,true,false,true,2022-05-16T07:33:52.694073+00:00,Parijat-K,,2022-05-16T07:33:52.694073+00:00,false,10,false
4386534,7,true,false,true,2022-05-16T09:37:13.356147+00:00,ilangorajagopal,,2022-05-16T09:37:13.356147+00:00,false,10,false
65788728,2,true,false,true,2022-05-16T00:33:14.714889+00:00,j-dogcoder,,2022-05-16T00:33:14.714889+00:00,false,10,false
52336027,0,true,false,true,2022-05-16T08:58:31.633207+00:00,mohamedabotir,,2022-05-16T08:58:31.633207+00:00,false,10,false
289882,1,true,false,true,2022-05-16T08:14:35.734751+00:00,gwincr11,,2022-05-16T08:14:35.734751+00:00,false,10,false
83433840,1,true,false,true,2022-05-16T09:21:16.857898+00:00,abirismyname,,2022-05-16T09:21:16.857898+00:00,false,10,false
19617280,2,true,false,true,2022-05-16T07:59:15.800535+00:00,a-trost,,2022-05-16T07:59:15.800535+00:00,false,10,false
39362365,0,true,false,true,2022-05-16T10:36:14.975648+00:00,huntertrammell,,2022-05-16T10:36:14.975648+00:00,false,10,false
1305623,0,true,false,true,2022-05-16T09:21:19.832736+00:00,phucthaidoan,,2022-05-16T09:21:19.832736+00:00,false,10,false
2339101,0,true,false,true,2022-05-16T07:51:10.352968+00:00,akovalyov,,2022-05-16T07:51:10.352968+00:00,false,10,false
9968219,0,true,false,true,2022-05-16T09:08:46.587181+00:00,ramazansakin,,2022-05-16T09:08:46.587181+00:00,false,10,false
4910518,0,true,false,true,2022-05-16T08:24:16.087028+00:00,leftrightleft,,2022-05-16T08:24:16.087028+00:00,false,10,false
45293863,0,true,true,true,2022-05-16T07:09:20.57671+00:00,bagatka,,2022-05-16T07:09:20.57671+00:00,false,10,false
24606613,0,true,false,true,2022-05-16T06:58:34.770878+00:00,udhaykumarbala,,2022-05-16T06:58:34.770878+00:00,false,10,false
35779241,0,true,false,true,2022-05-16T09:37:11.969497+00:00,rgreen32,,2022-05-16T09:37:11.969497+00:00,false,10,false
59651629,0,true,false,true,2022-05-16T09:21:18.330298+00:00,codertushar,,2022-05-16T09:21:18.330298+00:00,false,10,false
11589902,0,true,false,true,2022-05-16T06:28:44.507155+00:00,pac96,,2022-05-16T06:28:44.507155+00:00,false,10,false
6188161,1,true,false,true,2022-05-16T03:27:32.611039+00:00,zacjones93,,2022-05-16T03:27:32.611039+00:00,false,10,false
1039388,0,true,false,true,2022-05-16T03:27:33.477416+00:00,i001962,,2022-05-16T03:27:33.477416+00:00,false,10,false
19538219,9,true,false,true,2022-05-16T03:27:34.046184+00:00,sadiejay,,2022-05-16T03:27:34.046184+00:00,false,10,false
104824933,0,true,false,true,2022-05-16T00:32:57.159812+00:00,JIFswe,,2022-05-16T00:32:57.159812+00:00,false,10,false
47293786,0,true,false,true,2022-05-16T03:44:54.500147+00:00,tahabenammar,,2022-05-16T03:44:54.500147+00:00,false,10,false
31663172,1,true,false,true,2022-05-16T03:44:56.357616+00:00,mariecreel,,2022-05-16T03:44:56.357616+00:00,false,10,false
3650761,0,true,false,true,2022-05-16T03:09:41.133995+00:00,dariye,,2022-05-16T03:09:41.133995+00:00,false,10,false
18058884,1,true,false,true,2022-05-16T03:58:18.397463+00:00,anugrahsinghal,,2022-05-16T03:58:18.397463+00:00,false,10,false
8932275,0,true,false,true,2022-05-16T03:58:19.841219+00:00,moxie99,,2022-05-16T03:58:19.841219+00:00,false,10,false
81034521,0,true,false,true,2022-05-16T00:33:15.891969+00:00,zeerau,,2022-05-16T00:33:15.891969+00:00,false,10,false
12782646,4,true,false,true,2022-05-16T03:58:21.266495+00:00,lcy101u,,2022-05-16T03:58:21.266495+00:00,false,10,false
33266556,0,true,false,true,2022-05-16T04:09:07.889448+00:00,honeynegi,,2022-05-16T04:09:07.889448+00:00,false,10,false
87914378,0,true,false,true,2022-05-16T04:09:09.668578+00:00,Y4HYA4,,2022-05-16T04:09:09.668578+00:00,false,10,false
79736938,0,true,false,true,2022-05-16T04:09:11.045297+00:00,Nyanjuimarvin,,2022-05-16T04:09:11.045297+00:00,false,10,false
59898438,0,true,false,true,2022-05-16T00:33:17.090793+00:00,JasonStrazisar,,2022-05-16T00:33:17.090793+00:00,false,10,false
47524279,1,true,true,true,2022-05-16T04:23:14.108221+00:00,projectashik,,2022-05-16T04:23:14.108221+00:00,false,10,false
17413306,0,true,false,true,2022-05-16T04:41:10.459881+00:00,babually,,2022-05-16T04:41:10.459881+00:00,false,10,false
19353972,2,true,false,true,2022-05-16T04:41:12.043674+00:00,TaEduard,,2022-05-16T04:41:12.043674+00:00,false,10,false
15233,1,true,false,true,2022-05-16T04:41:13.389907+00:00,hammer,,2022-05-16T04:41:13.389907+00:00,false,10,false
476818,2,true,true,true,2022-05-16T04:56:47.237445+00:00,dwwoelfel,,2022-05-16T04:56:47.237445+00:00,false,10,false
102984033,1,true,false,true,2022-05-16T04:56:48.618861+00:00,PlayingTheHero,,2022-05-16T04:56:48.618861+00:00,false,10,false
12780694,0,true,false,true,2022-05-16T04:56:50.035113+00:00,crege2,,2022-05-16T04:56:50.035113+00:00,false,10,false
28269,0,true,false,true,2022-05-16T05:09:45.535677+00:00,coloradobum,,2022-05-16T05:09:45.535677+00:00,false,10,false
13059091,0,true,false,true,2022-05-16T05:23:34.392757+00:00,ifoi,,2022-05-16T05:23:34.392757+00:00,false,10,false
3012159,1,true,false,true,2022-05-16T05:23:35.983759+00:00,sieis,,2022-05-16T05:23:35.983759+00:00,false,10,false
7222344,0,true,false,true,2022-05-16T05:35:41.545504+00:00,MattPostlethwaite,,2022-05-16T05:35:41.545504+00:00,false,10,false
66284362,0,true,false,true,2022-05-16T05:35:43.690207+00:00,kohasummons,,2022-05-16T05:35:43.690207+00:00,false,10,false
11489171,0,true,false,true,2022-05-16T05:35:45.38561+00:00,asasmith,,2022-05-16T05:35:45.38561+00:00,false,10,false
13867651,2,true,false,true,2022-05-16T05:45:18.471902+00:00,cescfamadas,,2022-05-16T05:45:18.471902+00:00,false,10,false
19359944,0,true,false,true,2022-05-16T05:45:19.921522+00:00,Karobwe,,2022-05-16T05:45:19.921522+00:00,false,10,false
20733994,1,true,false,true,2022-05-16T05:53:09.622543+00:00,HeVictor,,2022-05-16T05:53:09.622543+00:00,false,10,false
56942462,0,true,false,true,2022-05-16T05:53:11.170511+00:00,ugwustanley,,2022-05-16T05:53:11.170511+00:00,false,10,false
62261622,0,true,false,true,2022-05-16T05:53:12.748342+00:00,sosplush,,2022-05-16T05:53:12.748342+00:00,false,10,false
61815862,2,true,false,true,2022-05-16T06:58:37.205955+00:00,thebiblelover7,,2022-05-16T06:58:37.205955+00:00,false,10,false
1917293,0,true,false,true,2022-05-16T08:50:32.254651+00:00,ronna,,2022-05-16T08:50:32.254651+00:00,false,10,false
3202514,0,true,false,true,2022-05-16T09:37:14.23792+00:00,demilolu,,2022-05-16T09:37:14.23792+00:00,false,10,false
34839258,0,true,false,true,2022-05-16T02:43:22.231878+00:00,adwinang,,2022-05-16T02:43:22.231878+00:00,false,10,false
42660551,0,true,false,true,2022-05-16T00:33:13.223324+00:00,Ramghimirecr7,,2022-05-16T00:33:13.223324+00:00,false,10,false
6265396,0,true,false,true,2022-05-16T13:52:30.983584+00:00,clarkio,,2022-05-16T13:52:30.983584+00:00,false,10,false
908380,4,true,false,true,2022-05-16T12:46:36.712763+00:00,mojo706,,2022-05-16T12:46:36.712763+00:00,false,10,false
10787041,0,true,false,true,2022-05-16T09:58:48.167493+00:00,h4h18,,2022-05-16T09:58:48.167493+00:00,false,10,false
16942870,7,true,false,true,2022-05-16T11:08:17.989778+00:00,ThomasErhel,,2022-05-16T11:08:17.989778+00:00,false,10,false
1295334,1,true,false,true,2022-05-16T14:51:35.502557+00:00,applesnort,,2022-05-16T14:51:35.502557+00:00,false,10,false
13711044,2,true,false,true,2022-05-16T11:58:48.625351+00:00,unixisking,,2022-05-16T11:58:48.625351+00:00,false,10,false
14868216,1,true,false,true,2022-05-16T12:27:28.520457+00:00,minachuong,,2022-05-16T12:27:28.520457+00:00,false,10,false
4247126,1,true,false,true,2022-05-16T11:58:46.862059+00:00,mdb1710,,2022-05-16T11:58:46.862059+00:00,false,10,false
67359053,1,true,false,true,2022-05-16T12:10:05.449211+00:00,DevenPerkins,,2022-05-16T12:10:05.449211+00:00,false,10,false
8037469,1,true,false,true,2022-05-16T11:34:56.322833+00:00,waxidiotic,,2022-05-16T11:34:56.322833+00:00,false,10,false
53687927,1,true,false,true,2022-05-16T21:32:15.44691+00:00,dwaipayan05,,2022-05-16T21:32:15.44691+00:00,false,10,false
5901851,1,true,false,true,2022-05-16T07:51:11.59179+00:00,jayteealao,,2022-05-16T07:51:11.59179+00:00,false,10,false
46935495,1,true,false,true,2022-05-17T21:45:40.745668+00:00,sarthakvarshney8081,,2022-05-17T21:45:40.745668+00:00,false,10,false
65249694,0,true,false,true,2022-05-16T09:58:47.424083+00:00,xiyiwang,,2022-05-16T09:58:47.424083+00:00,false,10,false
36890230,1,true,false,true,2022-05-16T15:23:41.189013+00:00,JEbertPrime,,2022-05-16T15:23:41.189013+00:00,false,10,false
16315404,1,true,false,true,2022-05-16T15:56:18.937403+00:00,dhuvikamboj,,2022-05-16T15:56:18.937403+00:00,false,10,false
15052690,3,true,false,true,2022-05-16T15:23:42.61745+00:00,creaturenex,,2022-05-16T15:23:42.61745+00:00,false,10,false
6241164,1,true,false,true,2022-05-21T21:24:02.547396+00:00,devbyray,,2022-05-21T21:24:02.547396+00:00,false,10,false
3777549,2,true,false,true,2022-05-16T15:23:40.172714+00:00,alotoftype,,2022-05-16T15:23:40.172714+00:00,false,10,false
58482194,4,true,false,true,2022-05-16T11:14:46.253043+00:00,Borrus-sudo,,2022-05-16T11:14:46.253043+00:00,false,10,false
28281924,1,true,false,true,2022-05-16T15:04:49.752109+00:00,HeavyBR,,2022-05-16T15:04:49.752109+00:00,false,10,false
51794934,1,true,false,true,2022-05-16T14:51:34.13913+00:00,RubesWorld,,2022-05-16T14:51:34.13913+00:00,false,10,false
30334776,0,true,false,true,2022-05-16T11:14:44.593556+00:00,BolajiAyodeji,,2022-05-16T11:14:44.593556+00:00,false,10,false
25867172,1,true,false,true,2022-05-16T11:14:45.432843+00:00,teezzan,,2022-05-16T11:14:45.432843+00:00,false,10,false
29547465,6,true,false,true,2022-05-16T14:24:23.397973+00:00,camopy,,2022-05-16T14:24:23.397973+00:00,false,10,false
57826091,1,true,false,true,2022-05-16T11:50:58.397762+00:00,miralsuthar,,2022-05-16T11:50:58.397762+00:00,false,10,false
78520194,5,true,false,true,2022-05-16T10:09:39.03949+00:00,Elixer3000,,2022-05-16T10:09:39.03949+00:00,false,10,false
75340837,0,true,false,true,2022-05-16T11:26:02.879638+00:00,TriStanNtn,,2022-05-16T11:26:02.879638+00:00,false,10,false
34903088,0,true,false,true,2022-05-16T10:09:40.904052+00:00,mhmdbhsk,,2022-05-16T10:09:40.904052+00:00,false,10,false
49831545,0,true,true,true,2022-05-16T10:23:10.331879+00:00,creeperkafasi,,2022-05-16T10:23:10.331879+00:00,false,10,false
6935431,11,true,false,true,2022-05-16T19:33:05.187648+00:00,zkoppert,,2022-05-16T19:33:05.187648+00:00,false,10,false
29648040,1,true,false,true,2022-05-16T11:34:55.499587+00:00,iamtheozzy,,2022-05-16T11:34:55.499587+00:00,false,10,false
34394719,0,true,false,true,2022-05-16T10:23:11.156757+00:00,MiKr13,,2022-05-16T10:23:11.156757+00:00,false,10,false
118037,8,true,false,true,2022-05-16T12:27:31.161184+00:00,djsnipa1,,2022-05-16T12:27:31.161184+00:00,false,10,false
13490604,3,true,false,true,2022-05-16T14:34:22.600173+00:00,xmbhasin,,2022-05-16T14:34:22.600173+00:00,false,10,false
5842360,1,true,false,true,2022-05-16T11:50:54.958045+00:00,haffmaestro,,2022-05-16T11:50:54.958045+00:00,false,10,false
57305940,0,true,false,true,2022-05-16T11:26:06.090408+00:00,mgcarbonell,,2022-05-16T11:26:06.090408+00:00,false,10,false
19475228,1,true,false,true,2022-05-16T21:32:16.87189+00:00,ajoeofalltrades,,2022-05-16T21:32:16.87189+00:00,false,10,false
667716,10,true,false,true,2022-05-16T14:34:24.603609+00:00,diminutivesloop,,2022-05-16T14:34:24.603609+00:00,false,10,false
24217493,2,true,false,true,2022-05-16T14:00:32.183406+00:00,Jussii,,2022-05-16T14:00:32.183406+00:00,false,10,false
2609511,0,true,false,true,2022-05-16T08:58:35.604423+00:00,hackintoshrao,,2022-05-16T08:58:35.604423+00:00,false,10,false
527550,2,true,false,true,2022-05-16T15:56:15.686488+00:00,atzorvas,,2022-05-16T15:56:15.686488+00:00,false,10,false
3792749,9,true,false,true,2022-05-16T14:00:34.172203+00:00,mtfoley,,2022-05-16T14:00:34.172203+00:00,false,10,false
4838867,0,true,false,true,2022-05-16T14:51:32.62+00:00,microjumper,,2022-05-16T14:51:32.62+00:00,false,10,false
55982424,1,true,false,true,2022-05-16T09:47:29.084998+00:00,mukeshgurpude,,2022-05-16T09:47:29.084998+00:00,false,10,false
569510,6,true,false,true,2022-05-16T11:42:52.321312+00:00,henrik-ch,,2022-05-16T11:42:52.321312+00:00,false,10,false
3340406,1,true,false,true,2022-05-16T12:46:33.964352+00:00,fundor333,,2022-05-16T12:46:33.964352+00:00,false,10,false
25194960,1,true,false,true,2022-05-16T15:04:48.376689+00:00,ghgoodreau,,2022-05-16T15:04:48.376689+00:00,false,10,false
141381,4,true,false,true,2022-05-20T13:38:36.2163+00:00,mauvehed,,2022-05-20T13:38:36.2163+00:00,false,10,false
46643864,0,true,false,true,2022-05-16T09:50:42.699067+00:00,Khushi24699,,2022-05-16T09:50:42.699067+00:00,false,10,false
7145889,0,true,false,true,2022-05-16T10:09:39.960178+00:00,Boyce-Bellair,,2022-05-16T10:09:39.960178+00:00,false,10,false
52573181,0,true,false,true,2022-05-16T10:36:16.74442+00:00,RabsonJ,,2022-05-16T10:36:16.74442+00:00,false,10,false
1431853,0,true,false,true,2022-05-16T11:42:50.309636+00:00,mbchoa,,2022-05-16T11:42:50.309636+00:00,false,10,false
2808728,0,true,false,true,2022-05-16T15:04:46.963667+00:00,raychatter,,2022-05-16T15:04:46.963667+00:00,false,10,false
42749147,0,true,false,true,2022-05-16T10:54:45.768326+00:00,akobepeter,,2022-05-16T10:54:45.768326+00:00,false,10,false
3941126,5,true,false,true,2022-05-16T15:56:17.50627+00:00,m-anwr,,2022-05-16T15:56:17.50627+00:00,false,10,false
46828701,0,true,false,true,2022-05-16T14:34:26.440245+00:00,idanceinbetween,,2022-05-16T14:34:26.440245+00:00,false,10,false
54776315,2,true,false,true,2022-05-16T14:24:22.562603+00:00,HipyCas,,2022-05-16T14:24:22.562603+00:00,false,10,false
22154417,1,true,false,true,2022-05-16T11:58:47.687041+00:00,SamuelWitke,,2022-05-16T11:58:47.687041+00:00,false,10,false
67718832,0,true,false,true,2022-05-16T09:47:30.034645+00:00,matt-wiley,,2022-05-16T09:47:30.034645+00:00,false,10,false
85258143,0,true,false,true,2022-05-16T10:54:44.848729+00:00,oscakampala,,2022-05-16T10:54:44.848729+00:00,false,10,false
60254117,0,true,false,true,2022-05-16T11:08:16.888048+00:00,jebitok-dev,,2022-05-16T11:08:16.888048+00:00,false,10,false
3861088,3,true,false,true,2022-05-16T13:52:32.624113+00:00,jonathanyeong,,2022-05-16T13:52:32.624113+00:00,false,10,false
60850993,1,true,false,true,2022-05-21T22:50:21.824355+00:00,vinosamari,,2022-05-21T22:50:21.824355+00:00,false,10,false
211851,1,true,false,true,2022-05-16T19:33:03.529883+00:00,justjeff,,2022-05-16T19:33:03.529883+00:00,false,10,false
22620727,1,true,false,true,2022-05-17T21:45:39.427869+00:00,svenkat683,,2022-05-17T21:45:39.427869+00:00,false,10,false
57373172,1,true,false,true,2022-05-16T12:27:29.847327+00:00,PaulKillian,,2022-05-16T12:27:29.847327+00:00,false,10,false
35429278,3,true,false,true,2022-05-21T15:56:38.017036+00:00,enjinerd,,2022-05-21T15:56:38.017036+00:00,false,10,false
17671332,1,true,false,true,2022-05-16T19:33:04.251504+00:00,CoderDill,,2022-05-16T19:33:04.251504+00:00,false,10,false
64662324,0,true,false,true,2022-05-16T12:10:03.603967+00:00,techn0gichida2,,2022-05-16T12:10:03.603967+00:00,false,10,false
26586086,2,true,false,true,2022-05-16T10:47:30.599538+00:00,bhantsi,,2022-05-16T10:47:30.599538+00:00,false,10,false
25751316,1,true,false,true,2022-05-16T21:32:13.880619+00:00,Tom-Wyszkowski,,2022-05-16T21:32:13.880619+00:00,false,10,false
31478648,1,true,false,true,2022-05-17T21:45:38.370199+00:00,adil-Pathan,,2022-05-17T21:45:38.370199+00:00,false,10,false
66239105,0,true,false,true,2022-05-16T10:23:11.978102+00:00,Amoghtech,,2022-05-16T10:23:11.978102+00:00,false,10,false
49351279,2,true,false,true,2022-05-16T11:42:51.311437+00:00,gogocharli,,2022-05-16T11:42:51.311437+00:00,false,10,false
3597738,0,true,false,true,2022-05-19T17:57:58.946724+00:00,AdamasFR,,2022-05-19T17:57:58.946724+00:00,false,10,false
1228996,3,true,false,true,2022-05-16T13:52:31.783958+00:00,MichaelJolley,,2022-05-16T13:52:31.783958+00:00,false,10,false
37635083,2,true,false,true,2022-05-16T09:50:43.516231+00:00,NsdHSO,,2022-05-16T09:50:43.516231+00:00,false,10,false
25217168,0,true,false,true,2022-05-16T10:54:44.023671+00:00,KakoozaJerry,,2022-05-16T10:54:44.023671+00:00,false,10,false
24352546,0,true,false,true,2022-05-16T09:58:48.987532+00:00,ketsindian,,2022-05-16T09:58:48.987532+00:00,false,10,false
3450257,1,true,false,true,2022-05-16T14:00:33.191362+00:00,WaKeMaTTa,,2022-05-16T14:00:33.191362+00:00,false,10,false
11777161,3,true,false,true,2022-05-16T12:46:35.337849+00:00,chadstewart,,2022-09-19T17:22:38.662865+00:00,true,10,false
62995161,0,false,false,false,2022-09-01T22:24:36.039394+00:00,SunGoldTech,,2022-10-20T15:17:48.433759+00:00,true,10,false
66696421,1,true,false,true,2022-05-16T10:47:32.280099+00:00,cozyCodr,,2022-05-16T10:47:32.280099+00:00,false,10,false
47711025,4,true,false,true,2022-05-16T11:08:18.931416+00:00,nobalpha,,2022-05-16T11:08:18.931416+00:00,false,10,false
48449428,4,true,false,true,2022-05-16T12:10:01.753136+00:00,iamjr15,,2022-05-16T12:10:01.753136+00:00,false,10,false
72912813,3,true,false,true,2022-05-21T14:55:05.931354+00:00,earltacs96,,2022-05-21T14:55:05.931354+00:00,false,10,false
349523,1,true,false,true,2022-05-16T11:26:04.528405+00:00,jwalter,,2022-05-16T11:26:04.528405+00:00,false,10,false
22655167,1,true,false,true,2022-05-21T15:02:35.654462+00:00,loiclegoff,,2022-05-21T15:02:35.654462+00:00,false,10,false
68660520,2,true,false,true,2022-05-21T15:02:37.062214+00:00,code-in-public,,2022-05-21T15:02:37.062214+00:00,false,10,false
71386305,1,true,false,true,2022-05-21T15:02:37.935549+00:00,dileep-reddy-aella,,2022-05-21T15:02:37.935549+00:00,false,10,false
3754311,2,true,false,true,2022-05-21T15:56:35.384072+00:00,lonewolf9277,,2022-05-21T15:56:35.384072+00:00,false,10,false
69519470,2,true,false,true,2022-05-21T15:56:36.697392+00:00,Kakashi2998,,2022-05-21T15:56:36.697392+00:00,false,10,false
38725511,1,true,false,true,2022-05-16T14:24:24.742655+00:00,divakar54,,2022-05-16T14:24:24.742655+00:00,false,10,false
15004099,1,true,false,true,2022-05-21T21:24:00.7564+00:00,chadmcrowell,,2022-05-21T21:24:00.7564+00:00,false,10,false
16259450,1,true,false,true,2022-05-21T21:24:01.589916+00:00,rob-moore,,2022-05-21T21:24:01.589916+00:00,false,10,false
80793630,3,true,false,true,2022-05-16T10:47:31.415982+00:00,Blazing-Mike,,2022-05-16T10:47:31.415982+00:00,false,10,false
72279316,5,true,false,true,2022-05-16T11:50:56.636409+00:00,Samikmalhotra,,2022-05-16T11:50:56.636409+00:00,false,10,false
38838958,1,true,false,true,2022-05-21T22:50:23.348355+00:00,frvs,,2022-05-21T22:50:23.348355+00:00,false,10,false
1645628,8,true,false,true,2022-05-21T22:50:20.405966+00:00,mikachan,,2022-05-21T22:50:20.405966+00:00,false,10,false
17712401,3,true,false,true,2022-06-07T18:32:07.212376+00:00,lucalves,,2022-06-07T18:32:07.212376+00:00,false,10,false
87912847,0,true,false,true,2022-06-09T12:28:27.093949+00:00,ahmedsaheed,,2022-06-09T12:28:27.093949+00:00,false,10,false
37118134,1,true,false,true,2022-06-03T03:10:38.437111+00:00,saintmalik,,2022-06-03T03:10:38.437111+00:00,false,10,false
2677072,4,true,false,true,2022-06-02T20:59:10.658868+00:00,Belco90,,2022-06-02T20:59:10.658868+00:00,false,10,false
55068936,2,true,true,true,2022-05-28T14:42:15.81789+00:00,Siddhant-K-code,,2022-05-28T14:42:15.81789+00:00,false,10,false
389670,1,true,false,true,2022-05-31T18:44:50.862931+00:00,simeonoriko,,2022-05-31T18:44:50.862931+00:00,false,10,false
10396286,2,true,false,true,2022-06-13T15:18:51.638703+00:00,pnbrown,,2022-06-13T15:18:51.638703+00:00,false,10,false
58997957,12,true,false,true,2022-06-10T13:49:19.793001+00:00,JoeKarow,,2022-06-10T13:49:19.793001+00:00,false,10,false
4038174,6,true,false,true,2022-06-11T16:41:08.642396+00:00,incognitojam,,2022-06-11T16:41:08.642396+00:00,false,10,false
89362919,1,true,false,true,2022-06-11T16:41:09.242268+00:00,ThnksCJ,,2022-06-11T16:41:09.242268+00:00,false,10,false
19558543,2,true,false,true,2022-05-30T07:31:53.444293+00:00,ABGEO,,2022-05-30T07:31:53.444293+00:00,false,10,false
100476364,1,true,false,true,2022-08-10T11:09:29.217967+00:00,Adrasi,,2022-08-10T11:09:29.217967+00:00,false,10,false
203683,0,true,false,true,2022-05-16T09:50:41.915566+00:00,virtualandy,,2022-05-16T09:50:41.915566+00:00,false,10,false
15172054,3,true,true,true,2022-05-28T22:54:25.569864+00:00,benjamin-antupit,,2022-05-28T22:54:25.569864+00:00,false,10,false
8792243,1,true,false,true,2022-06-06T08:46:48.382759+00:00,sc250024,,2022-06-06T08:46:48.382759+00:00,false,10,false
6658807,7,true,false,true,2022-06-04T15:42:14.847084+00:00,derneuere,,2022-06-04T15:42:14.847084+00:00,false,10,false
7490938,0,true,false,true,2022-05-28T21:37:45.133079+00:00,kejne,,2022-05-28T21:37:45.133079+00:00,false,10,false
8431042,0,true,false,true,2022-06-02T19:52:43.484282+00:00,maxcell,,2022-06-02T19:52:43.484282+00:00,false,10,false
22990146,0,false,false,false,2022-09-01T22:24:36.062099+00:00,blackgirlbytes,,2022-09-01T22:24:36.062099+00:00,false,10,false
19890779,4,true,false,true,2022-06-10T19:47:36.126604+00:00,mattkeeler,,2022-06-10T19:47:36.126604+00:00,false,10,false
90222871,3,true,false,true,2022-06-11T12:23:21.936495+00:00,nhristov,,2022-06-11T12:23:21.936495+00:00,false,10,false
8064235,0,true,false,true,2022-07-03T01:33:06.754512+00:00,Fube,,2022-07-03T01:33:06.754512+00:00,false,10,false
83507890,1,true,false,true,2022-06-08T05:12:15.383157+00:00,KushalTanna24,,2022-06-08T05:12:15.383157+00:00,false,10,false
62525482,0,true,false,true,2022-05-24T15:13:45.995209+00:00,davidenders11,,2022-05-24T15:13:45.995209+00:00,false,10,false
7406822,1,true,false,true,2022-06-11T16:26:27.793606+00:00,davwheat,,2022-06-11T16:26:27.793606+00:00,false,10,false
5111856,0,true,false,true,2022-06-12T04:18:11.505775+00:00,xfoxawy,,2022-06-12T04:18:11.505775+00:00,false,10,false
14762772,1,true,false,true,2022-06-15T21:30:58.564663+00:00,leon-wolf,,2022-06-15T21:30:58.564663+00:00,false,10,false
100608427,1,true,false,true,2022-05-26T19:30:40.108845+00:00,ismayil-hakhveriyev-mox,,2022-05-26T19:30:40.108845+00:00,false,10,false
39051202,1,true,false,true,2022-05-31T10:22:55.924063+00:00,vaibhsir1991,,2022-05-31T10:22:55.924063+00:00,false,10,false
15602986,7,true,false,true,2022-06-15T17:23:07.406779+00:00,vishjain,,2022-06-15T17:23:07.406779+00:00,false,10,false
79809121,9,true,false,true,2022-05-28T13:33:55.885209+00:00,TAKANOME-DEV,,2022-05-28T13:33:55.885209+00:00,false,10,false
29484849,0,true,false,true,2022-05-16T00:32:51.894086+00:00,Lamiiine,,2022-05-16T00:32:51.894086+00:00,false,10,false
20221408,7,true,false,true,2022-06-18T01:22:55.451409+00:00,STRRL,,2022-06-18T01:22:55.451409+00:00,false,10,false
20134767,1,true,false,true,2022-05-24T02:51:26.924051+00:00,notBdougie,,2022-11-11T22:58:20.424658+00:00,true,10,false
2198466,5,true,false,true,2022-06-03T12:45:05.709534+00:00,kblok,,2022-06-03T12:45:05.709534+00:00,false,10,false
13369991,0,true,false,true,2022-05-22T00:23:55.261816+00:00,rdt712,,2022-05-22T00:23:55.261816+00:00,false,10,false
24238507,2,true,false,true,2022-06-07T23:49:47.769495+00:00,ryanasalt,,2022-06-07T23:49:47.769495+00:00,false,10,false
46659975,0,true,false,true,2022-06-11T04:51:50.645079+00:00,kvcarido,,2022-06-11T04:51:50.645079+00:00,false,10,false
26422273,2,true,false,true,2022-06-07T23:23:50.09127+00:00,pan-alex,,2022-06-07T23:23:50.09127+00:00,false,10,false
74768405,2,true,false,true,2022-06-10T20:27:56.749293+00:00,vanderFlierFilip,,2022-06-10T20:27:56.749293+00:00,false,10,false
40757918,3,true,false,true,2022-05-30T10:48:47.663204+00:00,docrob0t,,2022-05-30T10:48:47.663204+00:00,false,10,false
71362054,6,true,false,true,2022-06-06T18:15:35.695569+00:00,daniellemadry,,2022-06-06T18:15:35.695569+00:00,false,10,false
106832813,1,true,false,true,2022-06-03T18:32:58.318172+00:00,adrian-sh0,,2022-06-03T18:32:58.318172+00:00,false,10,false
56571489,1,true,false,true,2022-06-07T08:36:40.762786+00:00,huangdi791226,,2022-06-07T08:36:40.762786+00:00,false,10,false
78784850,0,true,false,true,2022-06-05T04:37:58.753803+00:00,Dun-sin,,2022-06-05T04:37:58.753803+00:00,false,10,false
54808964,1,true,false,true,2022-06-06T03:49:02.655205+00:00,bnnthang,,2022-06-06T03:49:02.655205+00:00,false,10,false
12435007,4,true,false,true,2022-06-08T07:42:30.668303+00:00,DerekCrosson,,2022-06-08T07:42:30.668303+00:00,false,10,false
2003804,2,true,false,true,2022-06-02T04:44:42.570248+00:00,whawker,,2022-06-02T04:44:42.570248+00:00,false,10,false
5580297,1,true,false,true,2022-06-10T14:06:53.548122+00:00,tannerlinsley,,2022-06-10T14:06:53.548122+00:00,false,10,false
109982788,0,true,false,true,2022-08-30T19:11:53.243303+00:00,Rrosario88,,2022-08-30T19:11:53.243303+00:00,false,10,false
7349341,3,true,false,true,2022-05-29T17:48:22.872087+00:00,joe-bell,,2022-05-29T17:48:22.872087+00:00,false,10,false
17912134,1,true,false,true,2022-06-05T15:25:22.939095+00:00,Shoetan,,2022-06-05T15:25:22.939095+00:00,false,10,false
1492007,2,true,false,true,2022-06-07T16:00:34.988206+00:00,Vad1mo,,2022-06-07T16:00:34.988206+00:00,false,10,false
44750827,1,true,false,true,2022-06-10T20:04:48.756818+00:00,Everkers,,2022-06-10T20:04:48.756818+00:00,false,10,false
40822355,2,true,false,true,2022-05-31T16:10:53.647103+00:00,suuus,,2022-05-31T16:10:53.647103+00:00,false,10,false
6486256,5,true,false,true,2022-06-02T21:39:34.121189+00:00,crazy4pi314,,2022-06-02T21:39:34.121189+00:00,false,10,false
2601974,2,true,false,true,2022-05-24T06:55:53.940498+00:00,geekygirlsarah,,2022-05-24T06:55:53.940498+00:00,false,10,false
46192266,2,true,false,true,2022-06-10T13:18:05.207548+00:00,htuerker,,2022-06-10T13:18:05.207548+00:00,false,10,false
68086185,4,true,false,true,2022-06-10T02:44:42.493987+00:00,bkager,,2022-06-10T02:44:42.493987+00:00,false,10,false
10560321,1,true,false,true,2022-06-10T13:49:21.584314+00:00,RakshithNM,,2022-06-10T13:49:21.584314+00:00,false,10,false
3977903,2,true,false,true,2022-06-11T03:48:36.712677+00:00,ralphiz,,2022-06-11T03:48:36.712677+00:00,false,10,false
67465104,1,true,false,true,2022-06-04T14:07:40.216915+00:00,mzoyinda,,2022-06-04T14:07:40.216915+00:00,false,10,false
1389894,4,true,false,true,2022-05-31T19:25:32.431952+00:00,warrenbuckley,,2022-05-31T19:25:32.431952+00:00,false,10,false
75282221,1,true,false,true,2022-06-16T08:44:03.359402+00:00,Duck-the-dev,,2022-06-16T08:44:03.359402+00:00,false,10,false
799360,2,true,false,true,2022-06-10T13:18:02.841151+00:00,brob,,2022-06-10T13:18:02.841151+00:00,false,10,false
88112004,0,true,false,true,2022-05-16T03:44:58.140929+00:00,SClay345,,2022-05-16T03:44:58.140929+00:00,false,10,false
3012311,2,true,false,true,2022-05-31T16:44:24.284684+00:00,vordimous,,2022-05-31T16:44:24.284684+00:00,false,10,false
12461397,9,true,false,true,2022-05-31T08:22:27.35975+00:00,thsnyzkn,,2022-05-31T08:22:27.35975+00:00,false,10,false
20666190,1,true,false,true,2022-06-07T16:44:35.492441+00:00,AndreaGriffiths11,,2022-06-07T16:44:35.492441+00:00,false,10,false
32559031,0,true,false,true,2022-06-14T23:29:57.25509+00:00,michellbrito,,2022-06-14T23:29:57.25509+00:00,false,10,false
22186029,0,true,true,true,2022-05-16T06:28:43.660068+00:00,BenjaminMichaelis,,2022-05-16T06:28:43.660068+00:00,false,10,false
76665107,1,true,false,true,2022-05-16T06:28:42.542497+00:00,carrollsa,,2022-05-16T06:28:42.542497+00:00,false,10,false
24910512,1,true,false,true,2022-05-16T06:13:20.958982+00:00,CyberFlameGO,,2022-05-16T06:13:20.958982+00:00,false,10,false
491368,1,true,false,true,2022-07-14T14:11:07.189874+00:00,pplanel,,2022-07-14T14:11:07.189874+00:00,false,10,false
8019071,1,true,false,true,2022-09-08T11:34:23.318169+00:00,The-Hasanov,,2022-09-08T11:34:23.318169+00:00,false,10,false
49374657,0,true,false,true,2022-06-30T07:20:55.974836+00:00,Zakichanu,,2022-06-30T07:20:55.974836+00:00,false,10,false
8643036,1,true,false,true,2022-07-05T17:42:24.826552+00:00,WinterCore,,2022-07-05T17:42:24.826552+00:00,false,10,false
44076215,1,true,false,true,2022-07-29T22:35:28.417642+00:00,quiet-programmer,,2022-07-29T22:35:28.417642+00:00,false,10,false
76396335,4,true,false,true,2022-06-18T12:37:45.404454+00:00,arth2002,,2022-06-18T12:37:45.404454+00:00,false,10,false
3898642,6,true,true,true,2022-06-27T10:04:09.625204+00:00,TianZong48,,2022-06-27T10:04:09.625204+00:00,false,10,false
43038575,1,true,false,true,2022-06-22T03:11:12.493334+00:00,ZacharySeebeck2020,,2022-06-22T03:11:12.493334+00:00,false,10,false
82994425,1,true,false,true,2022-06-22T18:44:42.225031+00:00,WadieBenabdouh,,2022-06-22T18:44:42.225031+00:00,false,10,false
103691815,0,true,false,true,2022-05-22T20:26:12.54392+00:00,TheTestTestington,,2022-05-22T20:26:12.54392+00:00,false,10,false
76765293,1,true,false,true,2022-06-11T16:41:10.165385+00:00,AnuragRoy485,,2022-06-11T16:41:10.165385+00:00,false,10,false
25185976,7,true,false,true,2022-08-26T13:08:54.729775+00:00,STBoyden,,2022-08-26T13:08:54.729775+00:00,false,10,false
51391611,2,true,false,true,2022-07-27T18:15:45.212489+00:00,coffeedome,,2022-07-27T18:15:45.212489+00:00,false,10,false
7043511,1,true,false,true,2022-06-10T16:37:37.439091+00:00,joshuabezaleel,,2022-06-10T16:37:37.439091+00:00,false,10,false
61464726,1,true,false,true,2022-06-03T05:08:10.083416+00:00,melsorrells23,,2022-06-03T05:08:10.083416+00:00,false,10,false
76204863,0,true,false,true,2022-06-12T14:26:42.112999+00:00,rahulkarda,,2022-06-12T14:26:42.112999+00:00,false,10,false
59500999,1,true,false,true,2022-06-21T13:59:54.017521+00:00,sum1275,,2022-06-21T13:59:54.017521+00:00,false,10,false
7990807,1,true,false,true,2022-06-10T16:37:36.650057+00:00,olaysco,,2022-06-10T16:37:36.650057+00:00,false,10,false
36790617,0,true,false,true,2022-06-19T03:41:19.915979+00:00,thnhtus,,2022-06-19T03:41:19.915979+00:00,false,10,false
42097653,0,true,false,true,2022-06-11T21:26:40.948154+00:00,someshfengde,,2022-06-11T21:26:40.948154+00:00,false,10,false
12637253,1,true,false,true,2022-06-27T23:47:37.421972+00:00,thisbailiwick,,2022-06-27T23:47:37.421972+00:00,false,10,false
62059002,2,true,false,true,2022-07-21T19:44:04.455932+00:00,Ruth-ikegah,,2022-07-21T19:44:04.455932+00:00,false,10,false
1245615,2,true,false,true,2022-06-16T13:43:19.803275+00:00,neuromusic,,2022-06-16T13:43:19.803275+00:00,false,10,false
2754163,1,true,false,true,2022-05-29T13:25:38.716964+00:00,MrLeebo,,2022-05-29T13:25:38.716964+00:00,false,10,false
45469,1,true,false,true,2022-07-05T19:57:57.084626+00:00,ljharb,,2022-07-05T19:57:57.084626+00:00,false,10,false
11200310,1,true,false,true,2022-09-12T07:25:06.917028+00:00,Jonasdero,,2022-09-12T07:25:06.917028+00:00,false,10,false
16787295,1,true,false,true,2022-06-01T03:05:03.958328+00:00,acrobertson,,2022-06-01T03:05:03.958328+00:00,false,10,false
35191127,1,true,false,true,2022-05-29T05:46:48.513877+00:00,sureshvazrala,,2022-05-29T05:46:48.513877+00:00,false,10,false
1795,5,true,false,true,2022-07-19T22:17:47.440039+00:00,jakobo,,2022-07-19T22:17:47.440039+00:00,false,10,false
95306716,1,true,false,true,2022-07-13T03:46:40.358896+00:00,DeonFranklin,,2022-07-13T03:46:40.358896+00:00,false,10,false
31725457,2,true,false,true,2022-07-12T09:55:32.359879+00:00,JoshuaPoddoku,,2022-07-12T09:55:32.359879+00:00,false,10,false
90490253,0,true,true,true,2022-06-28T18:36:33.797485+00:00,aroramrinaal,,2022-06-28T18:36:33.797485+00:00,false,10,false
37368987,3,true,false,true,2022-06-05T08:53:05.927409+00:00,Elia-Darwish,,2022-06-05T08:53:05.927409+00:00,false,10,false
29306872,5,true,false,true,2022-07-31T13:35:35.282722+00:00,pauldolden,,2022-07-31T13:35:35.282722+00:00,false,10,false
4552395,0,true,false,true,2022-06-10T15:56:49.088363+00:00,umangmathur92,,2022-06-10T15:56:49.088363+00:00,false,10,false
3979735,4,true,false,true,2022-06-27T22:41:42.766104+00:00,colbywhite,,2022-06-27T22:41:42.766104+00:00,false,10,false
32243043,1,true,false,true,2022-06-02T09:40:07.11887+00:00,ahzia,,2022-06-02T09:40:07.11887+00:00,false,10,false
31264248,1,true,false,true,2022-06-10T14:06:56.136367+00:00,AYEREID,,2022-06-10T14:06:56.136367+00:00,false,10,false
101464991,1,true,false,true,2022-07-27T16:00:26.549756+00:00,pixelsbyeryc,,2022-07-27T16:00:26.549756+00:00,false,10,false
14126525,4,true,false,true,2022-06-16T16:59:54.62001+00:00,hasanhakkaev,,2022-06-16T16:59:54.62001+00:00,false,10,false
18557802,1,true,false,true,2022-06-11T09:33:07.800045+00:00,Ahmed-Elswerky,,2022-06-11T09:33:07.800045+00:00,false,10,false
5056251,6,true,false,true,2022-07-01T21:23:05.468675+00:00,beardage,,2022-07-01T21:23:05.468675+00:00,false,10,false
6044920,3,true,false,true,2022-06-28T18:07:04.146015+00:00,olearycrew,,2022-06-28T18:07:04.146015+00:00,false,10,false
40151120,1,true,false,true,2022-06-10T18:18:43.161486+00:00,mustapha3341,,2022-06-10T18:18:43.161486+00:00,false,10,false
13966404,19,true,false,true,2022-06-11T04:27:32.79776+00:00,seonghyeonkimm,,2022-06-11T04:27:32.79776+00:00,false,10,false
108130680,0,true,false,true,2022-06-24T11:50:35.146703+00:00,VinayShreeramaiah,,2022-06-24T11:50:35.146703+00:00,false,10,false
45409975,3,true,false,true,2022-06-10T14:06:59.064101+00:00,perkinsjr,,2022-06-10T14:06:59.064101+00:00,false,10,false
17699027,1,true,false,true,2022-08-06T20:19:04.006956+00:00,NicolaCorvo90,,2022-08-06T20:19:04.006956+00:00,false,10,false
38761135,1,true,false,true,2022-09-05T12:46:36.860464+00:00,bashangbasir,,2022-09-05T12:46:36.860464+00:00,false,10,false
2712201,1,true,false,true,2022-05-23T17:35:23.777134+00:00,mpskeeter,,2022-05-23T17:35:23.777134+00:00,false,10,false
55763604,5,true,false,true,2022-06-21T14:22:46.672498+00:00,Dark-Knight11,,2022-06-21T14:22:46.672498+00:00,false,10,false
54046179,1,true,false,true,2022-07-22T19:01:07.488672+00:00,Cerchie,,2022-07-22T19:01:07.488672+00:00,false,10,false
83649458,1,true,false,true,2022-06-12T13:17:38.562528+00:00,nialabrette,,2022-06-12T13:17:38.562528+00:00,false,10,false
54487532,1,true,false,true,2022-08-01T20:39:05.507581+00:00,bossoncode,,2022-08-01T20:39:05.507581+00:00,false,10,false
25469482,1,true,true,true,2022-05-31T15:59:42.183185+00:00,nbeck415,,2022-05-31T15:59:42.183185+00:00,false,10,false
3957722,4,true,false,true,2022-07-11T03:07:52.818995+00:00,renjujv,,2022-07-11T03:07:52.818995+00:00,false,10,false
34112620,1,true,false,true,2022-05-16T00:32:53.348652+00:00,rperez2021,,2022-05-16T00:32:53.348652+00:00,false,10,false
107218838,0,true,false,true,2022-08-03T03:25:18.280263+00:00,Koethan,,2022-08-03T03:25:18.280263+00:00,false,10,false
28111283,1,true,false,true,2022-07-30T13:10:26.77921+00:00,falcon-Z,,2022-07-30T13:10:26.77921+00:00,false,10,false
8808086,1,true,false,true,2022-06-10T14:28:41.39212+00:00,savkaoleg,,2022-06-10T14:28:41.39212+00:00,false,10,false
40502796,7,true,false,true,2022-07-26T12:10:16.344839+00:00,cameronldroberts,,2022-07-26T12:10:16.344839+00:00,false,10,false
3941006,1,true,false,true,2022-06-10T15:02:26.542526+00:00,bmeverett,,2022-06-10T15:02:26.542526+00:00,false,10,false
35054601,1,true,false,true,2022-06-01T05:29:57.559232+00:00,kudoabhijeet,,2022-06-01T05:29:57.559232+00:00,false,10,false
18492770,2,true,false,true,2022-06-11T17:23:17.665865+00:00,Sami64,,2022-06-11T17:23:17.665865+00:00,false,10,false
20217125,0,true,false,true,2022-06-03T16:28:28.603211+00:00,sonithch,,2022-06-03T16:28:28.603211+00:00,false,10,false
68414911,1,true,false,true,2022-07-06T05:36:44.660985+00:00,mdirshaddev,,2022-07-06T05:36:44.660985+00:00,false,10,false
1551031,4,true,false,true,2022-07-19T16:49:52.161363+00:00,thegillis,,2022-07-19T16:49:52.161363+00:00,false,10,false
17125876,6,true,false,true,2022-08-03T13:58:57.184033+00:00,JoviDeCroock,,2022-08-03T13:58:57.184033+00:00,false,10,false
48399373,0,false,false,false,2022-09-01T22:24:36.076032+00:00,shamimbinnur,,2022-09-01T22:24:36.076032+00:00,false,10,false
14912729,2,true,false,true,2022-07-22T07:31:12.785966+00:00,Skn0tt,,2022-07-22T07:31:12.785966+00:00,false,10,false
15822772,1,true,false,true,2022-06-21T03:02:43.150763+00:00,notmarkmiranda,,2022-06-21T03:02:43.150763+00:00,false,10,false
1205776,1,true,false,true,2022-07-27T19:28:34.215589+00:00,mhuggins7278,,2022-07-27T19:28:34.215589+00:00,false,10,false
126441,1,true,false,true,2022-07-19T04:46:45.54418+00:00,travi,,2022-07-19T04:46:45.54418+00:00,false,10,false
33223727,5,true,false,true,2022-07-12T14:00:51.37891+00:00,Selko2013,,2022-07-12T14:00:51.37891+00:00,false,10,false
98709555,1,true,false,true,2022-07-17T21:48:53.421429+00:00,jusjones2284,,2022-07-17T21:48:53.421429+00:00,false,10,false
113126114,1,true,false,true,2022-09-20T15:34:51.013602+00:00,isa14ks,,2022-09-20T15:34:51.013602+00:00,false,10,false
52914487,3,true,false,true,2022-08-10T09:57:52.528177+00:00,hussamkhatib,,2022-08-10T09:57:52.528177+00:00,false,10,false
5713670,0,true,false,true,2022-09-01T22:24:36.74773+00:00,bdougie,,2022-10-11T18:27:41.88521+00:00,true,100,false
1073426,0,true,false,true,2022-09-26T00:31:52.439905+00:00,ramzxs,,2022-09-26T00:31:52.439905+00:00,false,10,false
22246286,1,true,false,true,2022-07-05T14:36:49.748983+00:00,aida-martinez,,2022-07-05T14:36:49.748983+00:00,false,10,false
58410019,1,true,false,true,2022-07-03T15:52:29.968032+00:00,AlphaHot,,2022-07-03T15:52:29.968032+00:00,false,10,false
76237868,1,true,false,true,2022-07-08T11:28:28.574195+00:00,ajaygitt,,2022-07-08T11:28:28.574195+00:00,false,10,false
10395817,2,true,false,true,2022-07-07T07:08:37.652591+00:00,liyasthomas,,2022-07-07T07:08:37.652591+00:00,false,10,false
7248220,0,true,false,true,2022-09-16T12:08:30.498216+00:00,kirkness,,2022-09-16T12:08:30.498216+00:00,false,10,false
54102389,0,true,false,true,2022-07-07T00:04:42.968+00:00,yhoungdev,,2022-07-07T00:04:42.968+00:00,false,10,false
93059018,2,true,false,true,2022-08-01T23:58:16.999793+00:00,Funkycodes,,2022-08-01T23:58:16.999793+00:00,false,10,false
5463680,3,true,false,true,2022-07-10T16:13:52.010527+00:00,quicujo,,2022-07-10T16:13:52.010527+00:00,false,10,false
95355656,1,true,false,true,2022-07-12T08:46:58.564544+00:00,jay-tau,,2022-07-12T08:46:58.564544+00:00,false,10,false
9616739,1,true,false,true,2022-07-02T03:51:26.666802+00:00,Lckythr33,,2022-07-02T03:51:26.666802+00:00,false,10,false
69764315,2,true,false,true,2022-07-10T20:09:13.465929+00:00,Serial-ATA,,2022-07-10T20:09:13.465929+00:00,false,10,false
4285133,1,true,false,true,2022-07-19T13:44:14.556892+00:00,acpoppe,,2022-07-19T13:44:14.556892+00:00,false,10,false
59971574,1,true,false,true,2022-06-29T05:24:40.165018+00:00,Abkt2001,,2022-06-29T05:24:40.165018+00:00,false,10,false
99875329,0,true,false,true,2022-06-20T22:54:25.191119+00:00,Sherelle-S,,2022-06-20T22:54:25.191119+00:00,false,10,false
31012661,3,true,false,true,2022-06-19T12:51:51.742013+00:00,rcasia,,2022-06-19T12:51:51.742013+00:00,false,10,false
79850072,0,true,false,true,2022-07-03T21:46:58.31077+00:00,AlexDeveloperUwU,,2022-07-03T21:46:58.31077+00:00,false,10,false
25463206,1,true,false,true,2022-09-10T05:56:23.080932+00:00,BachAmadou,,2022-09-10T05:56:23.080932+00:00,false,10,false
37847523,2,true,false,true,2022-06-28T17:57:14.327906+00:00,bdsqqq,,2022-06-28T17:57:14.327906+00:00,false,10,false
17050237,3,true,false,true,2022-06-27T19:11:08.75318+00:00,diegorramos84,,2022-06-27T19:11:08.75318+00:00,false,10,false
9039234,2,true,false,true,2022-06-26T22:42:19.062438+00:00,KrisMannino,,2022-06-26T22:42:19.062438+00:00,false,10,false
7938258,1,true,false,true,2022-06-25T21:54:27.161722+00:00,TsatsuAmable,,2022-06-25T21:54:27.161722+00:00,false,10,false
35922417,0,true,false,true,2022-07-31T21:31:11.395398+00:00,danish-mehmood,,2022-07-31T21:31:11.395398+00:00,false,10,false
72051159,2,true,false,true,2022-07-29T07:35:45.451309+00:00,favourite1975,,2022-07-29T07:35:45.451309+00:00,false,10,false
12444876,4,true,false,true,2022-08-26T16:19:40.819064+00:00,vamsirajendra,,2022-08-26T16:19:40.819064+00:00,false,10,false
39260684,2,true,false,true,2022-07-29T07:57:43.949299+00:00,ajitsinghkaler,,2022-07-29T07:57:43.949299+00:00,false,10,false
88614410,1,true,false,true,2022-07-28T11:21:30.506634+00:00,nurbekdev,,2022-07-28T11:21:30.506634+00:00,false,10,false
43517605,2,true,false,true,2022-08-31T06:35:18.503326+00:00,giripriyadarshan,,2022-08-31T06:35:18.503326+00:00,false,10,false
25034,3,true,false,true,2022-07-27T23:25:51.90982+00:00,mariocesar,,2022-07-27T23:25:51.90982+00:00,false,10,false
16325641,3,true,false,true,2022-09-03T09:34:34.916601+00:00,hatamiarash7,,2022-09-03T09:34:34.916601+00:00,false,10,false
638764,3,true,false,true,2022-09-20T16:39:24.228722+00:00,jacebenson,,2022-09-20T16:39:24.228722+00:00,false,10,false
13385801,0,true,false,true,2022-07-28T00:52:04.513515+00:00,cynthiateeters,,2022-07-28T00:52:04.513515+00:00,false,10,false
8222059,0,true,false,true,2022-07-27T17:38:54.590248+00:00,rubiin,,2022-07-27T17:38:54.590248+00:00,false,10,false
35736525,0,true,false,true,2022-07-07T02:33:02.636514+00:00,lyqht,,2022-07-07T02:33:02.636514+00:00,false,10,false
30007828,1,true,false,true,2022-07-25T16:34:14.599662+00:00,Ryankolsen,,2022-07-25T16:34:14.599662+00:00,false,10,false
55091982,1,true,false,true,2022-07-16T07:27:16.403047+00:00,Raynor-X,,2022-07-16T07:27:16.403047+00:00,false,10,false
76804824,1,true,false,true,2022-07-25T10:43:58.186454+00:00,chiragtatva,,2022-07-25T10:43:58.186454+00:00,false,10,false
79598596,3,true,false,true,2022-07-14T12:10:45.229975+00:00,90N45-d3v,,2022-07-14T12:10:45.229975+00:00,false,10,false
48335772,0,true,false,true,2022-05-16T04:23:11.392765+00:00,LauraLangdon,,2022-05-16T04:23:11.392765+00:00,false,10,false
2501,0,true,false,true,2022-07-14T11:59:44.571848+00:00,kdaigle,,2022-07-14T11:59:44.571848+00:00,false,10,false
33803374,1,true,false,true,2022-06-25T11:19:32.814482+00:00,ChrisGibe,,2022-06-25T11:19:32.814482+00:00,false,10,false
1682188,29,true,false,true,2022-07-22T14:18:26.00839+00:00,ctoffanin,,2022-07-22T14:18:26.00839+00:00,false,10,false
54788134,3,true,false,true,2022-07-02T03:51:27.965967+00:00,Clue355,,2022-07-02T03:51:27.965967+00:00,false,10,false
41201924,2,true,false,true,2022-07-19T06:17:08.022796+00:00,aviramha,,2022-07-19T06:17:08.022796+00:00,false,10,false
47026269,6,true,false,true,2022-08-07T08:31:30.783983+00:00,AlexNti,,2022-08-07T08:31:30.783983+00:00,false,10,false
2555182,2,true,false,true,2022-07-18T19:38:52.753269+00:00,theednaffattack,,2022-07-18T19:38:52.753269+00:00,false,10,false
80476005,1,true,false,true,2022-07-18T18:53:54.531996+00:00,ricci2511,,2022-07-18T18:53:54.531996+00:00,false,10,false
7590870,0,true,false,true,2022-08-03T03:25:19.862984+00:00,LTY526,,2022-08-03T03:25:19.862984+00:00,false,10,false
62794161,1,true,true,true,2022-07-17T15:08:14.518249+00:00,lhhuman,,2022-07-17T15:08:14.518249+00:00,false,10,false
106763134,0,true,false,true,2022-08-04T19:54:31.146969+00:00,jakebitz,,2022-08-04T19:54:31.146969+00:00,false,10,false
85348050,14,true,false,true,2022-07-16T08:47:17.514442+00:00,AssassinK786,,2022-07-16T08:47:17.514442+00:00,false,10,false
362261,1,true,false,true,2022-08-02T02:34:39.145994+00:00,chriswburke,,2022-08-02T02:34:39.145994+00:00,false,10,false
33808005,1,true,false,true,2022-08-12T12:28:22.197617+00:00,iamkelv,,2022-08-12T12:28:22.197617+00:00,false,10,false
6933928,3,true,false,true,2022-08-10T20:52:53.108435+00:00,AgentEnder,,2022-08-10T20:52:53.108435+00:00,false,10,false
93156825,1,true,false,true,2022-09-02T14:30:15.52395+00:00,nikhil25803,,2022-09-02T14:30:15.52395+00:00,false,10,false
105481227,1,true,false,true,2022-08-10T13:47:38.554166+00:00,HoodGenie,,2022-08-10T13:47:38.554166+00:00,false,10,false
31360475,1,true,false,true,2022-08-10T10:51:19.893764+00:00,sunday4me,,2022-08-10T10:51:19.893764+00:00,false,10,false
1689439,1,true,false,true,2022-08-26T12:28:42.816983+00:00,SaxJ,,2022-08-26T12:28:42.816983+00:00,false,10,false
19923295,1,true,false,true,2022-07-08T19:10:12.369082+00:00,jiayike,,2022-07-08T19:10:12.369082+00:00,false,10,false
35312043,1,true,false,true,2022-09-03T17:15:28.740311+00:00,leonardssh,,2022-09-03T17:15:28.740311+00:00,false,10,false
34998342,4,true,false,true,2022-08-27T17:05:24.607549+00:00,ajhalili2006,,2022-08-27T17:05:24.607549+00:00,false,10,false
5238293,1,true,false,true,2022-08-29T02:41:04.896479+00:00,xuancanh,,2022-08-29T02:41:04.896479+00:00,false,10,false
51304449,4,true,false,true,2022-10-20T02:06:21.009285+00:00,smith-xyz,,2022-10-20T02:06:21.009285+00:00,false,10,false
335356,1,true,false,true,2022-08-27T12:48:10.497259+00:00,unrealnerd,,2022-08-27T12:48:10.497259+00:00,false,10,false
48108808,7,true,false,true,2022-09-05T02:44:46.296729+00:00,sncalvo,,2022-09-05T02:44:46.296729+00:00,false,10,false
7439749,3,true,false,true,2022-09-12T08:09:31.907793+00:00,Ninad89,,2022-09-12T08:09:31.907793+00:00,false,10,false
57577153,1,true,false,true,2022-09-15T09:04:06.01655+00:00,jonas1-4,,2022-09-15T09:04:06.01655+00:00,false,10,false
47066151,1,true,false,true,2022-08-26T13:44:22.157462+00:00,adelpro,,2022-08-26T13:44:22.157462+00:00,false,10,false
111617616,1,true,false,true,2022-08-27T02:57:45.120965+00:00,Jasonnemo,,2022-08-27T02:57:45.120965+00:00,false,10,false
72661513,0,true,false,true,2022-10-29T16:31:41.187751+00:00,roro-commits,,2022-10-29T16:31:41.187751+00:00,false,10,false
37213663,1,true,false,true,2022-10-07T09:27:49.444969+00:00,avicndugu,,2022-10-07T09:27:49.444969+00:00,false,10,false
4582307,3,true,false,true,2022-09-02T21:25:47.772568+00:00,giane88,,2022-09-02T21:25:47.772568+00:00,false,10,false
45343415,3,true,false,true,2022-10-08T19:30:19.859496+00:00,ElbertRibeiro,,2022-10-08T19:30:19.859496+00:00,false,10,false
77902178,2,true,false,true,2022-10-13T20:40:18.083231+00:00,pantheredeye,,2022-10-13T20:40:18.083231+00:00,false,10,false
108376073,1,true,false,true,2022-10-03T16:37:41.382453+00:00,teachjenntech,,2022-10-03T16:37:41.382453+00:00,false,10,false
87377676,1,true,false,true,2022-08-27T13:05:31.359156+00:00,SUGARXUST,,2022-08-27T13:05:31.359156+00:00,false,10,false
94464106,1,true,false,true,2022-08-27T04:21:56.300516+00:00,Exoutia,,2022-08-27T04:21:56.300516+00:00,false,10,false
42029519,5,true,false,true,2022-08-27T01:12:17.511733+00:00,Azanul,,2022-08-27T01:12:17.511733+00:00,false,10,false
85189857,1,true,false,true,2022-07-18T11:47:13.167001+00:00,code-with-onye,,2022-07-18T11:47:13.167001+00:00,false,10,false
467554,0,true,false,true,2022-09-02T21:14:38.053201+00:00,saidbakr,,2022-09-02T21:14:38.053201+00:00,false,10,false
25552262,4,true,false,true,2022-08-26T15:49:00.264943+00:00,Jeevan-J,,2022-08-26T15:49:00.264943+00:00,false,10,false
10158187,0,true,false,true,2022-08-07T21:47:57.989738+00:00,rapidfire09,,2022-08-07T21:47:57.989738+00:00,false,10,false
66009198,2,true,false,true,2022-09-12T09:07:40.090115+00:00,MauriceKau,,2022-09-12T09:07:40.090115+00:00,false,10,false
97362740,1,true,false,true,2022-10-04T14:07:51.977853+00:00,AwsYaseen22,,2022-10-04T14:07:51.977853+00:00,false,10,false
12715277,4,true,false,true,2022-09-28T22:36:20.923277+00:00,stijnelskens,,2022-10-03T18:32:02.389649+00:00,true,10,false
74228962,1,true,false,true,2022-09-05T05:45:04.013597+00:00,tanvimoharir,,2022-09-05T05:45:04.013597+00:00,false,10,false
112506597,0,true,false,true,2022-08-30T17:24:04.297764+00:00,lalit-jetson,,2022-08-30T17:24:04.297764+00:00,false,10,false
2527086,1,true,false,true,2022-09-26T05:50:11.343282+00:00,aleemuddin,,2022-09-26T05:50:11.343282+00:00,false,10,false
76926119,1,true,false,true,2022-08-05T17:20:59.203428+00:00,FeljxFeljx,,2022-08-05T17:20:59.203428+00:00,false,10,false
16948198,3,true,false,true,2022-09-22T07:21:56.936919+00:00,JnCoe,,2022-09-22T07:21:56.936919+00:00,false,10,false
10782481,1,true,false,true,2022-09-10T09:06:41.77114+00:00,JuzerShakir,,2022-09-10T09:06:41.77114+00:00,false,10,false
11527621,2,true,false,true,2022-06-28T20:36:43.060184+00:00,EstebanDalelR,,2022-06-28T20:36:43.060184+00:00,false,10,false
102608325,3,true,false,true,2022-06-28T18:20:24.974897+00:00,alex-colvin,,2022-06-28T18:20:24.974897+00:00,false,10,false
19242940,1,true,false,true,2022-09-06T14:28:16.717485+00:00,BaySercan,,2022-09-06T14:28:16.717485+00:00,false,10,false
21364023,1,true,false,true,2022-06-27T14:19:31.125814+00:00,fatonarifi,,2022-06-27T14:19:31.125814+00:00,false,10,false
49719046,0,true,false,true,2022-09-01T22:57:35.406529+00:00,n3ir,,2022-09-01T22:57:35.406529+00:00,false,10,false
27911055,3,true,false,true,2022-09-05T10:05:21.831809+00:00,Bhanuchander210,,2022-09-05T10:05:21.831809+00:00,false,10,false
20974749,1,true,false,true,2022-06-24T02:13:19.701055+00:00,mikethemelanson,,2022-06-24T02:13:19.701055+00:00,false,10,false
67071462,0,true,false,true,2022-06-23T15:24:58.512269+00:00,kumar-kalyan,,2022-06-23T15:24:58.512269+00:00,false,10,false
39627458,1,true,false,true,2022-06-23T07:15:12.587267+00:00,Olaism,,2022-06-23T07:15:12.587267+00:00,false,10,false
91947169,1,true,false,true,2022-08-12T15:22:24.540938+00:00,Vubere,,2022-08-12T15:22:24.540938+00:00,false,10,false
19453294,2,true,false,true,2022-06-23T05:28:20.182669+00:00,techieeliot,,2022-06-23T05:28:20.182669+00:00,false,10,false
31401437,1,true,false,true,2022-09-13T14:20:23.756803+00:00,adityaoberai,,2022-09-13T14:20:23.756803+00:00,false,10,false
13868653,0,true,false,true,2022-06-22T19:14:28.661086+00:00,gissilali,,2022-06-22T19:14:28.661086+00:00,false,10,false
73789849,1,true,false,true,2022-06-22T19:03:38.668197+00:00,haleyjung,,2022-06-22T19:03:38.668197+00:00,false,10,false
68105273,12,true,false,true,2022-06-21T14:49:37.745766+00:00,KhushP786,,2022-06-21T14:49:37.745766+00:00,false,10,false
117500,2,true,false,true,2022-08-27T21:23:33.592191+00:00,onlydole,,2022-08-27T21:23:33.592191+00:00,false,10,false
94555430,1,true,false,true,2022-09-18T23:06:26.711798+00:00,kiddo7565,,2022-09-18T23:06:26.711798+00:00,false,10,false
99122608,3,true,false,true,2022-08-02T16:14:31.097561+00:00,DANIELluntras,,2022-08-02T16:14:31.097561+00:00,false,10,false
5201588,4,true,false,true,2022-09-22T15:49:39.106528+00:00,rerost,,2022-09-22T15:49:39.106528+00:00,false,10,false
10912932,1,true,false,true,2022-09-02T17:08:14.715068+00:00,b4u7,,2022-09-02T17:08:14.715068+00:00,false,10,false
22578494,0,true,false,true,2022-10-26T10:52:31.83081+00:00,manishshahi1,,2022-10-26T10:52:31.83081+00:00,false,10,false
20043951,5,true,false,true,2022-09-02T06:22:45.848052+00:00,ODudek,,2022-09-02T06:22:45.848052+00:00,false,10,false
30125582,1,true,false,true,2022-08-29T08:30:36.449023+00:00,AzmanAmin,,2022-08-29T08:30:36.449023+00:00,false,10,false
76877744,1,true,false,true,2022-09-13T15:31:02.179119+00:00,morehwachege,,2022-09-13T15:31:02.179119+00:00,false,10,false
59521026,1,true,false,true,2022-08-27T04:46:23.670491+00:00,MinhCrafters,,2022-08-27T04:46:23.670491+00:00,false,10,false
2041385,4,true,false,true,2022-08-03T14:40:25.846587+00:00,kitten,,2022-08-03T14:40:25.846587+00:00,false,10,false
44528202,2,true,false,true,2022-08-03T05:29:36.69415+00:00,Aditya-Gupta1,,2022-08-03T05:29:36.69415+00:00,false,10,false
9834051,1,true,false,true,2022-07-31T01:53:31.670694+00:00,Shinku443,,2022-07-31T01:53:31.670694+00:00,false,10,false
51415616,7,true,false,true,2022-07-29T15:50:17.129235+00:00,SNikhill,,2022-07-29T15:50:17.129235+00:00,false,10,false
16826624,1,true,false,true,2022-07-28T14:45:21.700156+00:00,hokagedemehin,,2022-07-28T14:45:21.700156+00:00,false,10,false
45172775,0,true,false,true,2022-07-27T17:38:56.833616+00:00,adiati98,,2022-07-27T17:38:56.833616+00:00,false,10,false
20791966,3,true,false,true,2022-09-08T19:48:43.700727+00:00,metalcorpe,,2022-09-08T19:48:43.700727+00:00,false,10,false
20276785,3,true,false,true,2022-07-24T22:48:00.929466+00:00,rcmtcristian,,2022-07-24T22:48:00.929466+00:00,false,10,false
100371690,1,true,false,true,2022-07-18T23:00:26.628815+00:00,CMCSWEENE,,2022-07-18T23:00:26.628815+00:00,false,10,false
61943042,0,true,false,true,2022-08-10T23:05:16.226677+00:00,Adelakin-Adewumi,,2022-08-10T23:05:16.226677+00:00,false,10,false
66240426,0,true,false,true,2022-08-10T13:57:03.970747+00:00,AbdulrasheedApampa,,2022-08-10T13:57:03.970747+00:00,false,10,false
22725107,0,true,false,true,2022-09-07T09:58:13.898803+00:00,bhavesh-red-d,,2022-09-07T09:58:13.898803+00:00,false,10,false
65201911,1,true,false,true,2022-09-07T19:31:04.098091+00:00,narmada-nannaka,,2022-09-07T19:31:04.098091+00:00,false,10,false
97243126,2,true,false,true,2022-09-06T15:17:03.817731+00:00,kellz-prog,,2022-09-06T15:17:03.817731+00:00,false,10,false
73689100,3,true,false,true,2022-09-14T14:52:38.211486+00:00,StoodMag,,2022-09-14T14:52:38.211486+00:00,false,10,false
35114389,1,true,false,true,2022-09-05T18:04:00.243817+00:00,dr1tch,,2022-09-05T18:04:00.243817+00:00,false,10,false
38921923,1,true,false,true,2022-09-15T09:41:36.421923+00:00,dotslashf,,2022-09-15T09:41:36.421923+00:00,false,10,false
13938334,2,true,false,true,2022-08-26T14:15:25.36566+00:00,bytemain,,2022-08-26T14:15:25.36566+00:00,false,10,false
39966439,1,true,false,true,2022-09-03T11:56:21.046454+00:00,martinclason123,,2022-09-03T11:56:21.046454+00:00,false,10,false
